Country Name,Country Code,Series Name,Series Code,2006,2007,2008,2009,2010,2011,2012,2013,2014,2015,2016,2017,2018,2019,2020
Argentina,ARG,CO2 emissions (kt),EN.ATM.CO2E.KT,155370,163630,168150,157440,168140,177260,178530,184000,179910,186090,184280,180120,177410,..,..
Argentina,ARG,Forest area (sq. km),AG.LND.FRST.K2,314796,311632,308468,305304,302140,299906,297672,295438,293204,290970,290100,288990,287910,..,..
Australia,AUS,CO2 emissions (kt),EN.ATM.CO2E.KT,375060,385370,388500,394950,387350,385770,385770,379270,369880,375970,383960,387200,386620,..,..
Australia,AUS,Forest area (sq. km),AG.LND.FRST.K2,1304533,1302265,1299997,1297729,1295461,1302557.8,1309654.6,1316751.4,1323848.2,1330945,1340372,1340174,1340051,..,..
Brazil,BRA,CO2 emissions (kt),EN.ATM.CO2E.KT,333980,351520,372160,350830,397730,417120,451760,482860,506780,479970,441910,449840,427710,..,..
Brazil,BRA,Forest area (sq. km),AG.LND.FRST.K2,5273838.6,5234330.7,5194822.8,5155314.9,5115807,5100415.2,5085023.4,5069631.6,5054239.8,5038848,5020821,5000916,4990514,..,..
China,CHN,CO2 emissions (kt),EN.ATM.CO2E.KT,6431910,6988210,7195010,7715110,8470570,9278250,9533210,9936680,9894940,9830430,9814310,10017770,10313460,..,..
China,CHN,Forest area (sq. km),AG.LND.FRST.K2,1911664.48,1935274.31,1958884.14,1982493.97,2006103.8,2025471.54,2044839.28,2064207.02,2083574.76,2102942.5,2124598.67,2143394.7,2162190.4,..,..
France,FRA,CO2 emissions (kt),EN.ATM.CO2E.KT,371600,362910,358210,343880,347940,333530,336330,336630,304530,310520,312710,316360,309960,..,..
France,FRA,Forest area (sq. km),AG.LND.FRST.K2,159666,160797,161928,163059,164190,165024,165858,166692,167526,168360,169194,170028,170862,..,..
Germany,DEU,CO2 emissions (kt),EN.ATM.CO2E.KT,814160,783600,789550,734660,772920,746380,760020,777630,737490,742310,747150,732200,709540,..,..
Germany,DEU,Forest area (sq. km),AG.LND.FRST.K2,113870,113925,113980,114035,114090,114110,114130,114150,114170,114190,114190,114190,114190,..,..
India,IND,CO2 emissions (kt),EN.ATM.CO2E.KT,1214250,1336100,1423880,1568530,1665310,1760800,1908570,1966810,2136870,2150220,2183280,2301440,2434520,..,..
India,IND,Forest area (sq. km),AG.LND.FRST.K2,687340,689245,691150,693055,694960,697624,700288,702952,705616,708280,710944,713608,716272,..,..
Indonesia,IDN,CO2 emissions (kt),EN.ATM.CO2E.KT,364100,379980,377180,394490,416940,480460,486750,454320,490050,490840,494980,532920,583110,..,..
Indonesia,IDN,Forest area (sq. km),AG.LND.FRST.K2,1003075.2,1001454.4,999833.6,998212.8,996592,987329.4,978066.8,968804.2,959541.6,950279,952718,939498,933442.7,..,..
Italy,ITA,CO2 emissions (kt),EN.ATM.CO2E.KT,466650,459370,444980,397060,405270,396690,376750,346450,327490,337860,333340,329190,324850,..,..
Italy,ITA,Forest area (sq. km),AG.LND.FRST.K2,87645.24,88304.03,88962.82,89621.61,90280.4,90818.48,91356.56,91894.64,92432.72,92970.8,93508.9,94047,94585.1,..,..
Japan,JPN,CO2 emissions (kt),EN.ATM.CO2E.KT,1190260,1226360,1159620,1101210,1156080,1212170,1252220,1260900,1219820,1181500,1171390,1151930,1106150,..,..
Japan,JPN,Forest area (sq. km),AG.LND.FRST.K2,249300,249390,249480,249570,249660,249616,249572,249528,249484,249440,249400,249350,249350,..,..
"Korea, Rep.",KOR,CO2 emissions (kt),EN.ATM.CO2E.KT,486940,501500,513190,525390,574260,597290,598960,597640,586000,606510,614780,625350,630870,..,..
"Korea, Rep.",KOR,Forest area (sq. km),AG.LND.FRST.K2,64226,64137,64048,63959,63870,63770,63670,63570,63470,63370,63250,63170,63070,..,..
Mexico,MEX,CO2 emissions (kt),EN.ATM.CO2E.KT,449710,462410,477410,461760,468940,480960,480710,469860,458320,472590,479250,471810,472140,..,..
Mexico,MEX,Forest area (sq. km),AG.LND.FRST.K2,675185.26,673747.22,672309.18,670871.14,669433.1,668208.3,666983.5,665758.7,664533.9,663309.1,662031.5,660753.8,659476.1,..,..
Netherlands,NLD,CO2 emissions (kt),EN.ATM.CO2E.KT,163710,164630,165390,160540,171160,158870,157520,157120,149890,158110,158270,155910,151170,..,..
Netherlands,NLD,Forest area (sq. km),AG.LND.FRST.K2,3678.88,3692.86,3706.84,3720.82,3734.8,3717.5,3700.2,3682.9,3665.6,3648.3,3657.6,3667,3676.3,..,..
Russian Federation,RUS,CO2 emissions (kt),EN.ATM.CO2E.KT,1590090,1591510,1613140,1495170,1583160,1661780,1666860,1624020,1606860,1557530,1530900,1557190,1607550,..,..
Russian Federation,RUS,Forest area (sq. km),AG.LND.FRST.K2,8127887.6,8133754.7,8139621.8,8145488.9,8151356,8150945.72,8150535.44,8150125.16,8149714.88,8149304.6,8151210.3,8153116,8153116,..,..
Saudi Arabia,SAU,CO2 emissions (kt),EN.ATM.CO2E.KT,328350,347530,382240,399630,439230,456670,488750,499380,536810,561140,556740,540700,514600,..,..
Saudi Arabia,SAU,Forest area (sq. km),AG.LND.FRST.K2,9770,9770,9770,9770,9770,9770,9770,9770,9770,9770,9770,9770,9770,..,..
Spain,ESP,CO2 emissions (kt),EN.ATM.CO2E.KT,341780,354680,324160,287490,273250,274400,269270,242800,240960,256280,247030,263440,258340,..,..
Spain,ESP,Forest area (sq. km),AG.LND.FRST.K2,179647.76,181099.17,182550.58,184001.99,185453.4,185465.08,185476.76,185488.44,185500.12,185511.8,185552.4,185593,185635.9,..,..
Switzerland,CHE,CO2 emissions (kt),EN.ATM.CO2E.KT,45480,43540,44960,43670,45210,41190,42470,43480,39730,39030,39610,38620,37480,..,..
Switzerland,CHE,Forest area (sq. km),AG.LND.FRST.K2,12193.04,12231.58,12270.12,12308.66,12347.2,12381.58,12415.96,12450.34,12484.72,12519.1,12553.5,12587.9,12622.3,..,..
Turkey,TUR,CO2 emissions (kt),EN.ATM.CO2E.KT,261090,288970,287200,287830,297120,317720,328880,318170,340640,351590,374590,415900,412970,..,..
Turkey,TUR,Forest area (sq. km),AG.LND.FRST.K2,207091.88,208026.61,208961.34,209896.07,210830.8,211925.24,213019.68,214114.12,215208.56,216303,216303,217524.6,219083.6,..,..
United Kingdom,GBR,CO2 emissions (kt),EN.ATM.CO2E.KT,541640,529160,514410,465120,481790,444420,467080,453060,414850,400370,378890,366380,358800,..,..
United Kingdom,GBR,Forest area (sq. km),AG.LND.FRST.K2,30170,30275,30380,30485,30590,30782,30974,31166,31358,31550,31590,31640,31730,..,..
United States,USA,CO2 emissions (kt),EN.ATM.CO2E.KT,5656580,5740270,5563340,5159550,5392870,5172100,4950210,5089500,5102580,4982790,4888640,4813720,4981300,..,..
United States,USA,Forest area (sq. km),AG.LND.FRST.K2,3066464,3071648,3076832,3082016,3087200,3089950,3092700,3095450,3098200,3100950,3100950,3097950,3097950,..,..
Afghanistan,AFG,CO2 emissions (kt),EN.ATM.CO2E.KT,1940,2360,4390,6000,8670,12260,10450,8510,7810,7990,7390,7380,7440,..,..
Afghanistan,AFG,Forest area (sq. km),AG.LND.FRST.K2,12084.4,12084.4,12084.4,12084.4,12084.4,12084.4,12084.4,12084.4,12084.4,12084.4,12084.4,12084.4,12084.4,..,..
Albania,ALB,CO2 emissions (kt),EN.ATM.CO2E.KT,4050,4220,4170,4320,4580,5040,4580,4790,5220,5070,4930,5600,5560,..,..
Albania,ALB,Forest area (sq. km),AG.LND.FRST.K2,7769.62,7782.39,7795.16,7807.93,7820.7,7834.935,7849.17,7863.405,7877.64,7891.875,7891.8,7889.025,7889,..,..
Algeria,DZA,CO2 emissions (kt),EN.ATM.CO2E.KT,93750,100520,103990,112770,113140,118140,126640,129910,138810,145970,143350,145100,151670,..,..
Algeria,DZA,Forest area (sq. km),AG.LND.FRST.K2,17824,18163,18502,18841,19180,19256,19332,19408,19484,19560,19560,19430,19300,..,..
American Samoa,ASM,CO2 emissions (kt),EN.ATM.CO2E.KT,..,..,..,..,..,..,..,..,..,..,..,..,..,..,..
American Samoa,ASM,Forest area (sq. km),AG.LND.FRST.K2,175.5,175.2,174.9,174.6,174.3,174,173.7,173.4,173.1,172.8,172.5,172.2,171.9,..,..
Andorra,AND,CO2 emissions (kt),EN.ATM.CO2E.KT,550,540,540,520,520,490,490,480,460,470,470,470,460,..,..
Andorra,AND,Forest area (sq. km),AG.LND.FRST.K2,160,160,160,160,160,160,160,160,160,160,160,160,160,..,..
Angola,AGO,CO2 emissions (kt),EN.ATM.CO2E.KT,20340,23490,25080,27150,28530,29460,30250,32820,34630,35160,35410,30840,27340,..,..
Angola,AGO,Forest area (sq. km),AG.LND.FRST.K2,743782.44,738231.83,732681.22,727130.61,721580,716029.38,710478.76,704928.14,699377.52,693826.9,688276.2,682725.7,677175.1,..,..
Antigua and Barbuda,ATG,CO2 emissions (kt),EN.ATM.CO2E.KT,440,460,480,1390,490,510,720,470,480,490,500,500,530,..,..
Antigua and Barbuda,ATG,Forest area (sq. km),AG.LND.FRST.K2,90.48,89.81,89.14,88.47,87.8,87.14,86.48,85.82,85.16,84.5,83.8,83.2,82.5,..,..
Armenia,ARM,CO2 emissions (kt),EN.ATM.CO2E.KT,4490,5200,5690,4510,4340,4940,5720,5500,5480,5340,5070,5320,5550,..,..
Armenia,ARM,Forest area (sq. km),AG.LND.FRST.K2,3313.92,3311.84,3309.76,3307.68,3305.6,3303.52,3301.44,3299.36,3297.28,3295.2,3293.1,3291,3288.9,..,..
Aruba,ABW,CO2 emissions (kt),EN.ATM.CO2E.KT,..,..,..,..,..,..,..,..,..,..,..,..,..,..,..
Aruba,ABW,Forest area (sq. km),AG.LND.FRST.K2,4.2,4.2,4.2,4.2,4.2,4.2,4.2,4.2,4.2,4.2,4.2,4.2,4.2,..,..
Austria,AUT,CO2 emissions (kt),EN.ATM.CO2E.KT,74100,71240,70730,64420,69960,68270,65110,65750,61990,63150,63390,65830,63180,..,..
Austria,AUT,Forest area (sq. km),AG.LND.FRST.K2,38531.76,38556.82,38581.88,38606.94,38632,38667.98,38703.96,38739.94,38775.92,38811.9,38847.9,38883.8,38919.7,..,..
Azerbaijan,AZE,CO2 emissions (kt),EN.ATM.CO2E.KT,34170,27510,29580,25140,24150,28560,30760,31390,32630,32170,32660,31970,32020,..,..
Azerbaijan,AZE,Forest area (sq. km),AG.LND.FRST.K2,10143.848,10189.122,10234.397,10279.671,10324.946,10415.731,10506.515,10597.3,10688.085,10778.87,10874.752,10971.848,11087.15,..,..
"Bahamas, The",BHS,CO2 emissions (kt),EN.ATM.CO2E.KT,2020,2070,2110,6020,2080,2420,3640,3110,2620,2370,2190,2150,2260,..,..
"Bahamas, The",BHS,Forest area (sq. km),AG.LND.FRST.K2,5098.6,5098.6,5098.6,5098.6,5098.6,5098.6,5098.6,5098.6,5098.6,5098.6,5098.6,5098.6,5098.6,..,..
Bahrain,BHR,CO2 emissions (kt),EN.ATM.CO2E.KT,22500,23010,24770,24730,25980,26030,26570,28760,30220,30600,30200,30380,30750,..,..
Bahrain,BHR,Forest area (sq. km),AG.LND.FRST.K2,4.6,4.75,4.9,5.05,5.2,5.36,5.52,5.68,5.84,6,6.2,6.4,6.6,..,..
Bangladesh,BGD,CO2 emissions (kt),EN.ATM.CO2E.KT,35900,37990,41580,44750,50580,54420,57990,60580,63800,71690,73740,78710,82760,..,..
Bangladesh,BGD,Forest area (sq. km),AG.LND.FRST.K2,19011.365,18979.379,18947.393,18915.406,18883.42,18873.536,18863.652,18853.768,18843.884,18834,18834,18834,18834,..,..
Barbados,BRB,CO2 emissions (kt),EN.ATM.CO2E.KT,1470,1480,1780,4620,1590,1670,2210,1480,1290,1290,1310,1200,1250,..,..
Barbados,BRB,Forest area (sq. km),AG.LND.FRST.K2,63,63,63,63,63,63,63,63,63,63,63,63,63,..,..
Belarus,BLR,CO2 emissions (kt),EN.ATM.CO2E.KT,58810,57350,60270,57200,61470,58350,59790,59930,59470,54890,55210,56240,59310,..,..
Belarus,BLR,Forest area (sq. km),AG.LND.FRST.K2,84872,85229,85586,85943,86300,86307,86314,86321,86328,86335,87096,87241,87386,..,..
Belgium,BEL,CO2 emissions (kt),EN.ATM.CO2E.KT,108650,104590,106930,99670,106470,95570,94960,96610,90160,95200,94320,92770,93470,..,..
Belgium,BEL,Forest area (sq. km),AG.LND.FRST.K2,6808.42,6830.99,6853.56,6876.13,6898.7,6897.56,6896.42,6895.28,6894.14,6893,6893,6893,6893,..,..
Belize,BLZ,CO2 emissions (kt),EN.ATM.CO2E.KT,510,530,500,1460,560,640,690,500,490,660,650,650,680,..,..
Belize,BLZ,Forest area (sq. km),AG.LND.FRST.K2,14185.54,14117.63,14049.72,13981.81,13913.9,13796.78,13679.66,13562.54,13445.42,13328.3,13216.8,13105.2,12993.7,..,..
Benin,BEN,CO2 emissions (kt),EN.ATM.CO2E.KT,3830,4390,4350,4700,5080,4980,4740,5020,5510,5990,7230,7360,7910,..,..
Benin,BEN,Forest area (sq. km),AG.LND.FRST.K2,38351.5,37851.5,37351.5,36851.5,36351.5,35851.5,35351.5,34851.5,34351.5,33851.5,33351.5,32851.5,32351.5,..,..
Bermuda,BMU,CO2 emissions (kt),EN.ATM.CO2E.KT,..,..,..,..,..,..,..,..,..,..,..,..,..,..,..
Bermuda,BMU,Forest area (sq. km),AG.LND.FRST.K2,10,10,10,10,10,10,10,10,10,10,10,10,10,..,..
Bhutan,BTN,CO2 emissions (kt),EN.ATM.CO2E.KT,400,390,400,370,470,670,760,850,940,960,1230,1330,1380,..,..
Bhutan,BTN,Forest area (sq. km),AG.LND.FRST.K2,26655.74,26755.03,26854.32,26953.61,27052.9,27072.68,27092.46,27112.24,27132.02,27151.8,27171.6,27191.4,27211.2,..,..
Bolivia,BOL,CO2 emissions (kt),EN.ATM.CO2E.KT,11160,12040,13020,13870,15040,16450,17250,18560,20170,20410,21610,22250,22710,..,..
Bolivia,BOL,Forest area (sq. km),AG.LND.FRST.K2,538921.62,536906.24,534890.86,532875.48,530860.1,528742.52,526624.94,524507.36,522389.78,520272.2,517506.8,514922.2,512532.4,..,..
Bosnia and Herzegovina,BIH,CO2 emissions (kt),EN.ATM.CO2E.KT,17910,18890,20760,20590,20840,23740,21960,21850,19490,19610,22340,22650,22540,..,..
Bosnia and Herzegovina,BIH,Forest area (sq. km),AG.LND.FRST.K2,21062.56,21053.57,21044.58,21035.59,21026.6,21142.28,21257.96,21373.64,21489.32,21605,21765.1,21879.1,21879.1,..,..
Botswana,BWA,CO2 emissions (kt),EN.ATM.CO2E.KT,4090,4320,4390,4090,3370,4000,5130,5560,7130,7210,7120,7870,8210,..,..
Botswana,BWA,Forest area (sq. km),AG.LND.FRST.K2,169109,167926,166743,165560,164377,163194,162011,160828,159645,158462,157279,156096,154913,..,..
British Virgin Islands,VGB,CO2 emissions (kt),EN.ATM.CO2E.KT,..,..,..,..,..,..,..,..,..,..,..,..,..,..,..
British Virgin Islands,VGB,Forest area (sq. km),AG.LND.FRST.K2,36.52,36.49,36.46,36.43,36.4,36.36,36.32,36.28,36.24,36.2,36.2,36.2,36.2,..,..
Brunei Darussalam,BRN,CO2 emissions (kt),EN.ATM.CO2E.KT,7220,6840,7220,7430,6860,7010,7130,7020,6970,5980,6410,6710,7140,..,..
Brunei Darussalam,BRN,Forest area (sq. km),AG.LND.FRST.K2,3868,3851,3834,3817,3800,3800,3800,3800,3800,3800,3800,3800,3800,..,..
Bulgaria,BGR,CO2 emissions (kt),EN.ATM.CO2E.KT,48970,52620,50030,42970,44850,49670,45120,39820,42230,44690,41740,44040,41130,..,..
Bulgaria,BGR,Forest area (sq. km),AG.LND.FRST.K2,35922,36284,36646,37008,37370,37562,37754,37946,38138,38330,38410,38540,38670,..,..
Burkina Faso,BFA,CO2 emissions (kt),EN.ATM.CO2E.KT,1400,1680,1910,1930,2090,2200,2710,2970,3020,3400,3500,4070,4270,..,..
Burkina Faso,BFA,Forest area (sq. km),AG.LND.FRST.K2,69165,68665,68165,67665,67165,66664.8,66164.6,65664.4,65164.2,64664,64164,63664,63164,..,..
Burundi,BDI,CO2 emissions (kt),EN.ATM.CO2E.KT,190,190,200,200,320,370,390,410,390,410,460,570,590,..,..
Burundi,BDI,Forest area (sq. km),AG.LND.FRST.K2,1939.4,1939.4,1939.4,1939.4,1939.4,2110.8,2282.2,2453.6,2625,2796.4,2796.4,2796.4,2796.4,..,..
Cabo Verde,CPV,CO2 emissions (kt),EN.ATM.CO2E.KT,500,460,480,510,540,570,530,510,500,500,550,590,620,..,..
Cabo Verde,CPV,Forest area (sq. km),AG.LND.FRST.K2,415.2,418.2,421.2,424.2,427.2,430.2,433.2,436.2,439.2,442.2,445.2,448.2,451.2,..,..
Cambodia,KHM,CO2 emissions (kt),EN.ATM.CO2E.KT,2950,3600,3940,4730,4920,5190,5420,5580,6630,8580,9900,11370,11160,..,..
Cambodia,KHM,Forest area (sq. km),AG.LND.FRST.K2,106659.38,106467.61,106275.84,106084.07,105892.3,102407.48,98922.66,95437.84,91953.02,88468.2,86911.3,85354.4,83797.5,..,..
Cameroon,CMR,CO2 emissions (kt),EN.ATM.CO2E.KT,6950,8120,8210,8790,8990,7970,7060,7370,7750,8010,8550,8320,8620,..,..
Cameroon,CMR,Forest area (sq. km),AG.LND.FRST.K2,211792.84,211095.83,210398.82,209701.81,209004.8,208444.8,207884.8,207324.8,206764.8,206204.8,205644.8,205084.8,204524.8,..,..
Canada,CAN,CO2 emissions (kt),EN.ATM.CO2E.KT,541070,571310,550200,520800,535030,547720,547140,556350,561830,558800,550480,562260,574400,..,..
Canada,CAN,Forest area (sq. km),AG.LND.FRST.K2,3475141.14,3474661.38,3474181.62,3473701.86,3473222.1,3472809.1,3472396.1,3471983.1,3471570.1,3471157.1,3470760.4,3470390.5,3470020.7,..,..
Cayman Islands,CYM,CO2 emissions (kt),EN.ATM.CO2E.KT,..,..,..,..,..,..,..,..,..,..,..,..,..,..,..
Cayman Islands,CYM,Forest area (sq. km),AG.LND.FRST.K2,128.04,127.83,127.62,127.41,127.2,127.2,127.2,127.2,127.2,127.2,127.2,127.2,128.1,..,..
Central African Republic,CAF,CO2 emissions (kt),EN.ATM.CO2E.KT,260,260,260,260,270,290,300,300,300,310,310,310,330,..,..
Central African Republic,CAF,Forest area (sq. km),AG.LND.FRST.K2,227230,226930,226630,226330,226030,225730,225430,225130,224830,224530,224230,223930,223630,..,..
Chad,TCD,CO2 emissions (kt),EN.ATM.CO2E.KT,820,880,950,970,1030,820,890,920,940,970,1020,1020,1070,..,..
Chad,TCD,Forest area (sq. km),AG.LND.FRST.K2,58592,57769,56946,56123,55300,54020,52740,51460,50180,48900,47690,46510,45350,..,..
Channel Islands,CHI,CO2 emissions (kt),EN.ATM.CO2E.KT,..,..,..,..,..,..,..,..,..,..,..,..,..,..,..
Channel Islands,CHI,Forest area (sq. km),AG.LND.FRST.K2,9.44,9.63,9.82,10.01,10.2,10.2,10.2,10.2,10.2,10.2,10.2,10.2,10.2,..,..
Chile,CHL,CO2 emissions (kt),EN.ATM.CO2E.KT,57050,64740,68250,65370,69720,76470,78490,82940,76390,81970,86160,87040,86620,..,..
Chile,CHL,Forest area (sq. km),AG.LND.FRST.K2,163619.8,164528,165436.2,166344.4,167252.6,168994.24,170735.88,172477.52,174219.16,175960.8,177190.1,178419.4,179648.7,..,..
Colombia,COL,CO2 emissions (kt),EN.ATM.CO2E.KT,57720,59190,60000,62960,64680,69910,70290,77790,79820,81030,83760,76060,79490,..,..
Colombia,COL,Forest area (sq. km),AG.LND.FRST.K2,615788.74,613861.03,611933.32,610005.61,608077.9,606731.64,605385.38,604039.12,602692.86,601346.6,599594.9,597397.7,595404.8,..,..
Comoros,COM,CO2 emissions (kt),EN.ATM.CO2E.KT,150,120,120,130,160,150,150,180,160,180,200,250,260,..,..
Comoros,COM,Forest area (sq. km),AG.LND.FRST.K2,390.52,386.14,381.76,377.38,373,368.62,364.24,359.86,355.48,351.1,346.7,342.3,338,..,..
"Congo, Dem. Rep.",COD,CO2 emissions (kt),EN.ATM.CO2E.KT,1600,1750,1870,1920,2060,2520,2430,3650,4790,2890,2060,2280,2200,..,..
"Congo, Dem. Rep.",COD,Forest area (sq. km),AG.LND.FRST.K2,1398610,1391880,1385150,1378420,1371690,1360676.24,1349662.48,1338648.72,1327634.96,1316621.2,1305607.4,1294593.7,1283579.9,..,..
"Congo, Rep.",COG,CO2 emissions (kt),EN.ATM.CO2E.KT,4950,5130,5410,5440,4980,4860,4750,4000,4080,3440,3350,3220,3220,..,..
"Congo, Rep.",COG,Forest area (sq. km),AG.LND.FRST.K2,221230,221110,220990,220870,220750,220630,220510,220390,220270,220150,220030,219910,219760,..,..
Costa Rica,CRI,CO2 emissions (kt),EN.ATM.CO2E.KT,6560,7600,7520,7200,7110,7430,7450,7780,7830,7540,8080,8180,8260,..,..
Costa Rica,CRI,Forest area (sq. km),AG.LND.FRST.K2,28656.08,28670.06,28684.04,28698.02,28712,28875.66,29039.32,29202.98,29366.64,29530.3,29694,29857.7,30021.3,..,..
Cote d'Ivoire,CIV,CO2 emissions (kt),EN.ATM.CO2E.KT,5630,5550,6360,5930,6220,5990,7890,8460,8960,9560,9320,10380,9910,..,..
Cote d'Ivoire,CIV,Forest area (sq. km),AG.LND.FRST.K2,44171.28,43042.41,41913.54,40784.67,39655.8,38526.94,37398.08,36269.22,35140.36,34011.5,32882.6,31753.7,30624.8,..,..
Croatia,HRV,CO2 emissions (kt),EN.ATM.CO2E.KT,21620,22890,21740,20320,19460,19040,17460,17040,16340,16680,16940,17480,16580,..,..
Croatia,HRV,Forest area (sq. km),AG.LND.FRST.K2,19060,19095,19130,19165,19200,19204,19208,19212,19216,19220,19241.202,19316.084,19341.1,..,..
Cuba,CUB,CO2 emissions (kt),EN.ATM.CO2E.KT,26300,27200,26310,27100,30260,28540,28850,27350,26880,27490,28450,25650,24970,..,..
Cuba,CUB,Forest area (sq. km),AG.LND.FRST.K2,27332,27829,28326,28823,29320,29824,30328,30832,31336,31840,32410,32420,32420,..,..
Curacao,CUW,CO2 emissions (kt),EN.ATM.CO2E.KT,..,..,..,..,..,..,..,..,..,..,..,..,..,..,..
Curacao,CUW,Forest area (sq. km),AG.LND.FRST.K2,..,..,..,..,..,0.7,0.7,0.7,0.7,0.7,0.7,0.7,0.7,..,..
Cyprus,CYP,CO2 emissions (kt),EN.ATM.CO2E.KT,7940,8240,8400,8180,7820,7550,7020,6380,6750,6780,7150,7300,7230,..,..
Cyprus,CYP,Forest area (sq. km),AG.LND.FRST.K2,1723.48,1724.71,1725.94,1727.17,1728.4,1728.14,1727.88,1727.62,1727.36,1727.1,1726.1,1725.9,1725.7,..,..
Czech Republic,CZE,CO2 emissions (kt),EN.ATM.CO2E.KT,120600,123630,118310,111170,113930,110980,107170,102720,99750,100980,102860,103420,102480,..,..
Czech Republic,CZE,Forest area (sq. km),AG.LND.FRST.K2,26493.44,26513.53,26533.62,26553.71,26573.8,26595.82,26617.84,26639.86,26661.88,26683.9,26698.5,26716.6,26734.7,..,..
Denmark,DNK,CO2 emissions (kt),EN.ATM.CO2E.KT,58210,53400,50120,47890,48180,43090,38210,39980,35760,33600,35380,33330,33380,..,..
Denmark,DNK,Forest area (sq. km),AG.LND.FRST.K2,5805.34,5820.23,5835.12,5850.01,5864.9,5941.28,6017.66,6094.04,6170.42,6246.8,6246.6,6256,6265.6,..,..
Djibouti,DJI,CO2 emissions (kt),EN.ATM.CO2E.KT,430,470,470,460,520,480,510,560,460,540,490,470,490,..,..
Djibouti,DJI,Forest area (sq. km),AG.LND.FRST.K2,56,56,56,56,56,56,56,56,56,56,56,56.1,56.4,..,..
Dominica,DMA,CO2 emissions (kt),EN.ATM.CO2E.KT,170,180,180,500,180,170,250,170,180,180,180,170,180,..,..
Dominica,DMA,Forest area (sq. km),AG.LND.FRST.K2,478.7,478.7,478.7,478.7,478.7,478.7,478.7,478.7,478.7,478.7,478.7,478.7,478.7,..,..
Dominican Republic,DOM,CO2 emissions (kt),EN.ATM.CO2E.KT,20320,20580,20540,19630,20640,20870,21640,21250,21320,23450,24460,23390,25120,..,..
Dominican Republic,DOM,Forest area (sq. km),AG.LND.FRST.K2,20328.6,20429.25,20529.9,20630.55,20731.2,20792.26,20853.32,20914.38,20975.44,21036.5,21117.4,21198.3,21279.2,..,..
Ecuador,ECU,CO2 emissions (kt),EN.ATM.CO2E.KT,29110,29580,30280,32430,34650,35500,36630,39430,41200,40720,39010,37760,39530,..,..
Ecuador,ECU,Forest area (sq. km),AG.LND.FRST.K2,133091.14,132388.83,131686.52,130984.21,130281.9,129863.88,129445.86,129027.84,128609.82,128191.8,127549.1,126906.4,126263.7,..,..
"Egypt, Arab Rep.",EGY,CO2 emissions (kt),EN.ATM.CO2E.KT,169130,182230,189120,195490,196500,201610,212410,210430,216650,225950,233960,238690,246260,..,..
"Egypt, Arab Rep.",EGY,Forest area (sq. km),AG.LND.FRST.K2,630.68,637.11,643.54,649.97,656.4,621.96,587.52,553.08,518.64,484.2,449.8,449.8,449.8,..,..
El Salvador,SLV,CO2 emissions (kt),EN.ATM.CO2E.KT,7230,7630,6910,6680,6540,6780,6770,6460,6590,7000,7170,6380,6810,..,..
El Salvador,SLV,Forest area (sq. km),AG.LND.FRST.K2,6468.8,6423.8,6378.8,6333.8,6288.8,6243.8,6198.8,6153.8,6108.8,6063.8,6018.8,5973.8,5928.8,..,..
Equatorial Guinea,GNQ,CO2 emissions (kt),EN.ATM.CO2E.KT,9160,7550,8980,9660,9520,9710,10010,9350,8090,7140,5600,5630,6670,..,..
Equatorial Guinea,GNQ,Forest area (sq. km),AG.LND.FRST.K2,25654.38,25570.81,25487.24,25403.67,25320.1,25236.52,25152.94,25069.36,24985.78,24902.2,24818.6,24735,24651.4,..,..
Eritrea,ERI,CO2 emissions (kt),EN.ATM.CO2E.KT,520,510,450,470,500,580,630,650,680,650,660,720,800,..,..
Eritrea,ERI,Forest area (sq. km),AG.LND.FRST.K2,10995,10963.4,10931.8,10900.2,10868.6,10837,10805.4,10773.8,10742.2,10710.6,10679,10647.4,10615.8,..,..
Estonia,EST,CO2 emissions (kt),EN.ATM.CO2E.KT,15890,19850,18290,14960,18880,18050,16780,19190,17820,15370,15650,16280,16000,..,..
Estonia,EST,Forest area (sq. km),AG.LND.FRST.K2,22971.68,23068.81,23165.94,23263.07,23360.2,23530.18,23700.16,23870.14,24040.12,24210.1,24212.5,24384,24384,..,..
Eswatini,SWZ,CO2 emissions (kt),EN.ATM.CO2E.KT,1010,1040,1020,1070,1010,1020,1060,1550,960,1030,1230,1040,1090,..,..
Eswatini,SWZ,Forest area (sq. km),AG.LND.FRST.K2,4805.7,4817.85,4830,4842.15,4854.3,4866.44,4878.58,4890.72,4902.86,4915,4927.2,4939.3,4951.4,..,..
Ethiopia,ETH,CO2 emissions (kt),EN.ATM.CO2E.KT,5400,6070,6880,6930,6470,7540,8460,10280,12330,12880,14950,15460,16280,..,..
Ethiopia,ETH,Forest area (sq. km),AG.LND.FRST.K2,180905,180175,179445,178715,177985,177255,176525,175795,175065,174335,173605,172875,172145,..,..
Faroe Islands,FRO,CO2 emissions (kt),EN.ATM.CO2E.KT,..,..,..,..,..,..,..,..,..,..,..,..,..,..,..
Faroe Islands,FRO,Forest area (sq. km),AG.LND.FRST.K2,0.8,0.8,0.8,0.8,0.8,0.8,0.8,0.8,0.8,0.8,0.8,0.8,0.8,..,..
Fiji,FJI,CO2 emissions (kt),EN.ATM.CO2E.KT,1370,1260,960,970,1160,1110,1030,1130,1310,1510,1740,1810,1900,..,..
Fiji,FJI,Forest area (sq. km),AG.LND.FRST.K2,10465.32,10532.09,10598.86,10665.63,10732.4,10799.16,10865.92,10932.68,10999.44,11066.2,11133,11199.8,11266.6,..,..
Finland,FIN,CO2 emissions (kt),EN.ATM.CO2E.KT,67020,65100,56660,54180,62530,55120,49410,50190,46160,42820,45710,43010,44360,..,..
Finland,FIN,Forest area (sq. km),AG.LND.FRST.K2,223234.56,223030.92,222827.28,222623.64,222420,222754,223088,223422,223756,224090,224090,224090,224090,..,..
French Polynesia,PYF,CO2 emissions (kt),EN.ATM.CO2E.KT,..,..,..,..,..,..,..,..,..,..,..,..,..,..,..
French Polynesia,PYF,Forest area (sq. km),AG.LND.FRST.K2,1490.96,1491.87,1492.78,1493.69,1494.6,1494.6,1494.6,1494.6,1494.6,1494.6,1494.6,1494.6,1494.6,..,..
Gabon,GAB,CO2 emissions (kt),EN.ATM.CO2E.KT,4040,4050,4130,4200,4770,5640,5830,5700,5500,5480,5710,4700,4610,..,..
Gabon,GAB,Forest area (sq. km),AG.LND.FRST.K2,236696.46,236645.87,236595.28,236544.69,236494.1,236375.28,236256.46,236137.64,236018.82,235900,235781.2,235662.4,235543.6,..,..
"Gambia, The",GMB,CO2 emissions (kt),EN.ATM.CO2E.KT,360,400,430,480,440,450,460,440,520,530,530,540,570,..,..
"Gambia, The",GMB,Forest area (sq. km),AG.LND.FRST.K2,3229.32,3171.99,3114.66,3057.33,3000,2942.68,2885.36,2828.04,2770.72,2713.4,2656,2598.7,2541.4,..,..
Georgia,GEO,CO2 emissions (kt),EN.ATM.CO2E.KT,4700,5630,4840,5620,5320,6520,7190,7840,8470,9200,9650,9630,9460,..,..
Georgia,GEO,Forest area (sq. km),AG.LND.FRST.K2,27976.8,28038.6,28100.4,28162.2,28224,28224,28224,28224,28224,28224,28224,28224,28224,..,..
Ghana,GHA,CO2 emissions (kt),EN.ATM.CO2E.KT,8430,9050,8560,9950,11150,12210,14220,15010,14370,15130,14110,14780,16110,..,..
Ghana,GHA,Forest area (sq. km),AG.LND.FRST.K2,83052.02,82146.34,81240.66,80334.98,79429.3,79304.32,79179.34,79054.36,78929.38,78804.4,79222.4,79640.4,79712.6,..,..
Gibraltar,GIB,CO2 emissions (kt),EN.ATM.CO2E.KT,..,..,..,..,..,..,..,..,..,..,..,..,..,..,..
Gibraltar,GIB,Forest area (sq. km),AG.LND.FRST.K2,0,0,0,0,0,0,0,0,0,0,0,0,0,..,..
Greece,GRC,CO2 emissions (kt),EN.ATM.CO2E.KT,100700,104310,100410,94740,87580,84550,80090,72480,69550,68010,66850,66800,65290,..,..
Greece,GRC,Forest area (sq. km),AG.LND.FRST.K2,37811.736,38113.31,38414.883,38716.457,39018.03,39018.03,39018.03,39018.03,39018.03,39018.03,39018,39018,39018,..,..
Greenland,GRL,CO2 emissions (kt),EN.ATM.CO2E.KT,..,..,..,..,..,..,..,..,..,..,..,..,..,..,..
Greenland,GRL,Forest area (sq. km),AG.LND.FRST.K2,2.2,2.2,2.2,2.2,2.2,2.2,2.2,2.2,2.2,2.2,2.2,2.2,2.2,..,..
Grenada,GRD,CO2 emissions (kt),EN.ATM.CO2E.KT,260,280,290,810,290,290,420,320,250,270,280,290,300,..,..
Grenada,GRD,Forest area (sq. km),AG.LND.FRST.K2,177,177,177,177,177,177,177,177,177,177,177,177,177,..,..
Guam,GUM,CO2 emissions (kt),EN.ATM.CO2E.KT,..,..,..,..,..,..,..,..,..,..,..,..,..,..,..
Guam,GUM,Forest area (sq. km),AG.LND.FRST.K2,240,240,240,240,240,242,244,246,248,250,280,280,280,..,..
Guatemala,GTM,CO2 emissions (kt),EN.ATM.CO2E.KT,11510,12410,11240,11850,11450,11740,12150,13010,13950,16340,17460,16510,18210,..,..
Guatemala,GTM,Forest area (sq. km),AG.LND.FRST.K2,39172.4,38685.8,38199.2,37712.6,37226,36952.4,36678.8,36405.2,36131.6,35858,35742,35626,35510,..,..
Guinea,GIN,CO2 emissions (kt),EN.ATM.CO2E.KT,1900,1980,2010,2120,2500,2620,2490,2180,2240,2540,2830,2970,3120,..,..
Guinea,GIN,Forest area (sq. km),AG.LND.FRST.K2,67130,66770,66410,66050,65690,65330,64970,64610,64250,63890,63490,63090,62690,..,..
Guinea-Bissau,GNB,CO2 emissions (kt),EN.ATM.CO2E.KT,220,230,220,230,240,250,250,260,280,280,300,300,310,..,..
Guinea-Bissau,GNB,Forest area (sq. km),AG.LND.FRST.K2,20982.1,20897.65,20813.2,20728.75,20644.3,20559.86,20475.42,20390.98,20306.54,20222.1,20137.7,20053.3,19968.9,..,..
Guyana,GUY,CO2 emissions (kt),EN.ATM.CO2E.KT,1330,1600,1600,1620,1760,1830,2000,1980,2060,2050,2310,2320,2440,..,..
Guyana,GUY,Forest area (sq. km),AG.LND.FRST.K2,185375.74,185331.33,185286.92,185242.51,185198.1,185081.2,184964.3,184847.4,184730.5,184613.6,184521.6,184429.5,184337.5,..,..
Haiti,HTI,CO2 emissions (kt),EN.ATM.CO2E.KT,1720,2040,2030,1990,2460,2800,2500,2730,3060,3320,3400,3370,3330,..,..
Haiti,HTI,Forest area (sq. km),AG.LND.FRST.K2,3792.88,3790.61,3788.34,3786.07,3783.8,3752.74,3721.68,3690.62,3659.56,3628.5,3597.4,3566.3,3535.2,..,..
Honduras,HND,CO2 emissions (kt),EN.ATM.CO2E.KT,8030,8610,8650,8150,8210,8780,9140,9340,9460,9870,9400,9000,9770,..,..
Honduras,HND,Forest area (sq. km),AG.LND.FRST.K2,66565.9,66363.1,66160.3,65957.5,65754.7,65531.42,65308.14,65084.86,64861.58,64638.3,64430.5,64221.1,64011.6,..,..
"Hong Kong SAR, China",HKG,CO2 emissions (kt),EN.ATM.CO2E.KT,..,..,..,..,..,..,..,..,..,..,..,..,..,..,..
"Hong Kong SAR, China",HKG,Forest area (sq. km),AG.LND.FRST.K2,..,..,..,..,..,..,..,..,..,..,..,..,..,..,..
Hungary,HUN,CO2 emissions (kt),EN.ATM.CO2E.KT,55460,53860,53030,47840,47880,46910,43430,40760,40630,43380,44480,46550,46390,..,..
Hungary,HUN,Forest area (sq. km),AG.LND.FRST.K2,19963.02,20088.24,20213.46,20338.68,20463.9,20492.76,20521.62,20550.48,20579.34,20608.2,20587.3,20572.7,20559.2,..,..
Iceland,ISL,CO2 emissions (kt),EN.ATM.CO2E.KT,2330,2380,2180,2110,1960,1890,1860,2030,2050,2060,2070,2170,2200,..,..
Iceland,ISL,Forest area (sq. km),AG.LND.FRST.K2,387.34,402.18,417.02,431.86,446.7,453.68,460.66,467.64,474.62,481.6,486.6,493.8,500.4,..,..
"Iran, Islamic Rep.",IRN,CO2 emissions (kt),EN.ATM.CO2E.KT,490770,523740,534090,551430,550890,561730,571120,592480,610670,602230,605760,620780,629290,..,..
"Iran, Islamic Rep.",IRN,Forest area (sq. km),AG.LND.FRST.K2,101454.52,102820.84,104187.16,105553.48,106919.8,106919.8,106919.8,106919.8,106919.8,106919.8,107020.8,107105.9,107270.3,..,..
Iraq,IRQ,CO2 emissions (kt),EN.ATM.CO2E.KT,83890,77470,86040,107520,120230,131030,151860,162550,168840,162190,172350,174290,188140,..,..
Iraq,IRQ,Forest area (sq. km),AG.LND.FRST.K2,8222,8229,8236,8243,8250,8250,8250,8250,8250,8250,8250,8250,8250,..,..
Ireland,IRL,CO2 emissions (kt),EN.ATM.CO2E.KT,47810,47020,46350,41020,40630,36360,37100,35720,35550,36990,38710,37530,37110,..,..
Ireland,IRL,Forest area (sq. km),AG.LND.FRST.K2,6843.72,6933.74,7023.76,7113.78,7203.8,7272.38,7340.96,7409.54,7478.12,7546.7,7623.5,7700.2,7740.2,..,..
Isle of Man,IMN,CO2 emissions (kt),EN.ATM.CO2E.KT,..,..,..,..,..,..,..,..,..,..,..,..,..,..,..
Isle of Man,IMN,Forest area (sq. km),AG.LND.FRST.K2,34.6,34.6,34.6,34.6,34.6,34.6,34.6,34.6,34.6,34.6,34.6,34.6,34.6,..,..
Israel,ISR,CO2 emissions (kt),EN.ATM.CO2E.KT,64330,66590,66700,65720,70510,69820,76060,67000,64710,66140,65260,66040,61970,..,..
Israel,ISR,Forest area (sq. km),AG.LND.FRST.K2,1536,1537,1538,1539,1540,1562,1584,1606,1628,1650,1400,1400,1400,..,..
Jamaica,JAM,CO2 emissions (kt),EN.ATM.CO2E.KT,12060,12020,9620,7880,7480,7600,7110,7580,7400,7290,7750,7190,8510,..,..
Jamaica,JAM,Forest area (sq. km),AG.LND.FRST.K2,5434.7,5472.15,5509.6,5547.05,5584.5,5622.52,5660.54,5698.56,5736.58,5774.6,5813.4,5852.3,5891.2,..,..
Jordan,JOR,CO2 emissions (kt),EN.ATM.CO2E.KT,20170,21090,20010,20660,20200,20760,24120,23800,25590,25360,24860,26100,24700,..,..
Jordan,JOR,Forest area (sq. km),AG.LND.FRST.K2,975,975,975,975,975,975,975,975,975,975,975,975,975,..,..
Kazakhstan,KAZ,CO2 emissions (kt),EN.ATM.CO2E.KT,180210,189110,232010,204220,223570,242190,241490,256340,205230,206640,223020,225560,220450,..,..
Kazakhstan,KAZ,Forest area (sq. km),AG.LND.FRST.K2,31120.78,31046.034,30971.288,30896.541,30821.795,31274.349,31726.902,32179.455,32632.009,33084.562,33377.1,33669.6,33962.012,..,..
Kenya,KEN,CO2 emissions (kt),EN.ATM.CO2E.KT,9300,9370,9910,11710,12640,13030,12130,14100,15030,17090,18770,18890,18400,..,..
Kenya,KEN,Forest area (sq. km),AG.LND.FRST.K2,37542.8,37197.95,36853.1,36508.25,36163.4,35975.54,35787.68,35599.82,35411.96,35224.1,35519.7,35815.3,36110.9,..,..
Kiribati,KIR,CO2 emissions (kt),EN.ATM.CO2E.KT,70,60,60,60,50,50,60,60,60,60,80,80,80,..,..
Kiribati,KIR,Forest area (sq. km),AG.LND.FRST.K2,11.8,11.8,11.8,11.8,11.8,11.8,11.8,11.8,11.8,11.8,11.8,11.8,11.8,..,..
"Korea, Dem. People's Rep.",PRK,CO2 emissions (kt),EN.ATM.CO2E.KT,78940,65640,72830,55360,51620,37040,38500,27820,31420,25300,30090,22380,18120,..,..
"Korea, Dem. People's Rep.",PRK,Forest area (sq. km),AG.LND.FRST.K2,63273.1,63060.8,62848.5,62636.2,62423.9,62211.6,61999.3,61787,61574.7,61362.4,61150.1,60937.8,60725.5,..,..
Kosovo,XKX,CO2 emissions (kt),EN.ATM.CO2E.KT,..,..,..,..,..,..,..,..,..,..,..,..,..,..,..
Kosovo,XKX,Forest area (sq. km),AG.LND.FRST.K2,..,..,..,..,..,..,..,..,..,..,..,..,..,..,..
Kuwait,KWT,CO2 emissions (kt),EN.ATM.CO2E.KT,69670,68740,72910,75040,78250,81160,83590,85260,83580,88040,89880,89720,89460,..,..
Kuwait,KWT,Forest area (sq. km),AG.LND.FRST.K2,56.9,58.3,59.7,61.1,62.5,62.5,62.5,62.5,62.5,62.5,62.5,62.5,62.5,..,..
Kyrgyz Republic,KGZ,CO2 emissions (kt),EN.ATM.CO2E.KT,5320,6470,7510,6760,6350,7620,10060,9380,9710,10270,9700,9340,11000,..,..
Kyrgyz Republic,KGZ,Forest area (sq. km),AG.LND.FRST.K2,12101.68,12150.46,12199.24,12248.02,12296.8,12341.06,12385.32,12429.58,12473.84,12518.1,12562.4,12606.642,12789,..,..
Lao PDR,LAO,CO2 emissions (kt),EN.ATM.CO2E.KT,1640,1730,2050,2540,2880,3040,3270,3910,4420,8660,15360,18510,18790,..,..
Lao PDR,LAO,Forest area (sq. km),AG.LND.FRST.K2,171343,170858.5,170374,169889.5,169405,169060,168715,168370,168025,167680,167335,166990,166645,..,..
Latvia,LVA,CO2 emissions (kt),EN.ATM.CO2E.KT,8200,8530,8110,7360,8520,7900,7570,7450,7280,7320,7150,7120,7630,..,..
Latvia,LVA,Forest area (sq. km),AG.LND.FRST.K2,33196.72,33327.84,33458.96,33590.08,33721.2,33759.84,33798.48,33837.12,33875.76,33914.4,33953.1,33991.8,34030.5,..,..
Lebanon,LBN,CO2 emissions (kt),EN.ATM.CO2E.KT,16230,15050,18660,21920,20880,21180,23480,23240,24940,27050,27810,29280,27710,..,..
Lebanon,LBN,Forest area (sq. km),AG.LND.FRST.K2,1376.82,1375.99,1375.16,1374.33,1373.5,1379.46,1385.42,1391.38,1397.34,1403.3,1409.3,1415.3,1421.3,..,..
Lesotho,LSO,CO2 emissions (kt),EN.ATM.CO2E.KT,1920,1960,2010,2100,2160,2210,2280,2290,2310,2230,2270,2440,2570,..,..
Lesotho,LSO,Forest area (sq. km),AG.LND.FRST.K2,345.2,345.2,345.2,345.2,345.2,345.2,345.2,345.2,345.2,345.2,345.2,345.2,345.2,..,..
Liberia,LBR,CO2 emissions (kt),EN.ATM.CO2E.KT,690,640,540,540,730,850,950,910,1220,1260,1410,1260,1320,..,..
Liberia,LBR,Forest area (sq. km),AG.LND.FRST.K2,80410.8,80108.2,79805.6,79503,79200.4,78897.8,78595.2,78292.6,77990,77687.4,77384.8,77082.2,76779.6,..,..
Libya,LBY,CO2 emissions (kt),EN.ATM.CO2E.KT,49370,46290,51470,53810,57230,38050,52300,54990,59700,53840,51180,56810,58940,..,..
Libya,LBY,Forest area (sq. km),AG.LND.FRST.K2,2170,2170,2170,2170,2170,2170,2170,2170,2170,2170,2170,2170,2170,..,..
Liechtenstein,LIE,CO2 emissions (kt),EN.ATM.CO2E.KT,230,200,220,210,190,180,190,190,160,160,150,160,140,..,..
Liechtenstein,LIE,Forest area (sq. km),AG.LND.FRST.K2,66.995,66.994,66.994,66.993,66.992,66.994,66.995,66.997,66.998,67,67,67,67,..,..
Lithuania,LTU,CO2 emissions (kt),EN.ATM.CO2E.KT,13020,13210,13060,11690,12600,11840,11930,11330,10860,11070,11200,11220,11590,..,..
Lithuania,LTU,Forest area (sq. km),AG.LND.FRST.K2,21100,21250,21400,21550,21700,21734,21768,21802,21836,21870,21900,21960,21980,..,..
Luxembourg,LUX,CO2 emissions (kt),EN.ATM.CO2E.KT,11740,11140,11040,10460,11060,10930,10690,10150,9650,9130,8860,9000,9320,..,..
Luxembourg,LUX,Forest area (sq. km),AG.LND.FRST.K2,879,881,883,885,887,887,887,887,887,887,887,887,887,..,..
"Macao SAR, China",MAC,CO2 emissions (kt),EN.ATM.CO2E.KT,..,..,..,..,..,..,..,..,..,..,..,..,..,..,..
"Macao SAR, China",MAC,Forest area (sq. km),AG.LND.FRST.K2,..,..,..,..,..,..,..,..,..,..,..,..,..,..,..
Madagascar,MDG,CO2 emissions (kt),EN.ATM.CO2E.KT,1640,1720,1780,1690,1870,2190,2740,2930,3050,3320,3220,3500,3370,..,..
Madagascar,MDG,Forest area (sq. km),AG.LND.FRST.K2,127494.56,127025.87,126557.18,126088.49,125619.8,125487.62,125355.44,125223.26,125091.08,124958.9,124826.8,124694.6,124562.4,..,..
Malawi,MWI,CO2 emissions (kt),EN.ATM.CO2E.KT,930,980,1100,1120,1040,1140,1120,1210,1100,1200,1360,1500,1570,..,..
Malawi,MWI,Forest area (sq. km),AG.LND.FRST.K2,28297,27877,27457,27037,26617,26197,25777,25357,24937,24517,24097,23677,23257,..,..
Malaysia,MYS,CO2 emissions (kt),EN.ATM.CO2E.KT,172680,188340,201130,181020,199110,201670,203280,219820,231680,232550,228640,222890,239620,..,..
Malaysia,MYS,Forest area (sq. km),AG.LND.FRST.K2,192451.3,191707.6,190963.9,190220.2,189476.5,190509.64,191542.78,192575.92,193609.06,194642.2,193146.4,192644.9,192143.4,..,..
Maldives,MDV,CO2 emissions (kt),EN.ATM.CO2E.KT,870,870,870,910,960,1010,1140,1130,1360,1350,1750,1820,1910,..,..
Maldives,MDV,Forest area (sq. km),AG.LND.FRST.K2,8.2,8.2,8.2,8.2,8.2,8.2,8.2,8.2,8.2,8.2,8.2,8.2,8.2,..,..
Mali,MLI,CO2 emissions (kt),EN.ATM.CO2E.KT,1890,2070,2090,2510,2780,3120,3110,3050,3120,3410,4420,5050,5620,..,..
Mali,MLI,Forest area (sq. km),AG.LND.FRST.K2,132960,132960,132960,132960,132960,132960,132960,132960,132960,132960,132960,132960,132960,..,..
Malta,MLT,CO2 emissions (kt),EN.ATM.CO2E.KT,2650,2710,2720,2510,2580,2570,2710,2370,2350,1650,1350,1520,1550,..,..
Malta,MLT,Forest area (sq. km),AG.LND.FRST.K2,3.5,3.5,3.5,3.5,3.5,3.5,3.5,3.5,3.5,3.5,3.8,4.2,4.6,..,..
Marshall Islands,MHL,CO2 emissions (kt),EN.ATM.CO2E.KT,140,140,130,140,140,140,140,140,150,150,180,180,190,..,..
Marshall Islands,MHL,Forest area (sq. km),AG.LND.FRST.K2,94,94,94,94,94,94,94,94,94,94,94,94,94,..,..
Mauritania,MRT,CO2 emissions (kt),EN.ATM.CO2E.KT,1460,1720,1800,1990,2070,2190,2400,2200,2520,2950,2810,3800,4000,..,..
Mauritania,MRT,Forest area (sq. km),AG.LND.FRST.K2,3890,3835.6,3781.2,3726.8,3672.4,3618,3563.6,3509.2,3454.8,3400.4,3346,3292,3237,..,..
Mauritius,MUS,CO2 emissions (kt),EN.ATM.CO2E.KT,3300,3400,3470,3420,3660,3640,3730,3820,3950,3960,4040,4180,4130,..,..
Mauritius,MUS,Forest area (sq. km),AG.LND.FRST.K2,398.06,394.52,390.98,387.44,383.9,383.72,383.54,383.36,383.18,383,382.9,386.5,386.9,..,..
"Micronesia, Fed. Sts.",FSM,CO2 emissions (kt),EN.ATM.CO2E.KT,140,140,120,130,110,120,130,140,140,150,170,170,180,..,..
"Micronesia, Fed. Sts.",FSM,Forest area (sq. km),AG.LND.FRST.K2,640.22,640.49,640.76,641.03,641.3,641.58,641.86,642.14,642.42,642.7,643,643.3,643.6,..,..
Moldova,MDA,CO2 emissions (kt),EN.ATM.CO2E.KT,7980,8140,8150,7640,8300,8350,8140,7180,7710,8020,8140,8160,8590,..,..
Moldova,MDA,Forest area (sq. km),AG.LND.FRST.K2,3624.6,3654.7,3684.8,3714.9,3745,3768.8,3792.6,3816.4,3840.2,3864,3865,3865,3865,..,..
Monaco,MCO,CO2 emissions (kt),EN.ATM.CO2E.KT,..,..,..,..,..,..,..,..,..,..,..,..,..,..,..
Monaco,MCO,Forest area (sq. km),AG.LND.FRST.K2,0,0,0,0,0,0,0,0,0,0,0,0,0,..,..
Mongolia,MNG,CO2 emissions (kt),EN.ATM.CO2E.KT,12420,13020,12970,13640,14310,15730,17140,18380,18120,17300,18170,19470,21320,..,..
Mongolia,MNG,Forest area (sq. km),AG.LND.FRST.K2,142159,142079,141999,141919,141839,141827.86,141816.72,141805.58,141794.44,141783.3,141772.2,141761.1,141750,..,..
Montenegro,MNE,CO2 emissions (kt),EN.ATM.CO2E.KT,2180,2100,2690,1750,2580,2540,2330,2270,2220,2360,2110,2230,2520,..,..
Montenegro,MNE,Forest area (sq. km),AG.LND.FRST.K2,7466,7667,7868,8069,8270,8270,8270,8270,8270,8270,8270,8270,8270,..,..
Morocco,MAR,CO2 emissions (kt),EN.ATM.CO2E.KT,46190,47730,50180,50540,53660,57790,60150,59720,61160,63150,63080,65930,66680,..,..
Morocco,MAR,Forest area (sq. km),AG.LND.FRST.K2,56073.58,56241.61,56409.64,56577.67,56745.7,56765.94,56786.18,56806.42,56826.66,56846.9,56997.9,57115.9,57215.9,..,..
Mozambique,MOZ,CO2 emissions (kt),EN.ATM.CO2E.KT,1860,2230,2240,2510,2720,3200,3070,3460,4470,5640,5790,6020,6640,..,..
Mozambique,MOZ,Forest area (sq. km),AG.LND.FRST.K2,398584.84,396368.98,394153.12,391937.26,389721.4,387657.12,385592.84,383528.56,381464.28,379400,376282.9,374066,372241.68,..,..
Myanmar,MMR,CO2 emissions (kt),EN.ATM.CO2E.KT,10210,10520,8030,7630,8280,8580,11790,13590,17040,19010,21890,31400,32520,..,..
Myanmar,MMR,Forest area (sq. km),AG.LND.FRST.K2,328118.44,324691.33,321264.22,317837.11,314410,311512.88,308615.76,305718.64,302821.52,299924.4,297027.3,294130.2,291233.1,..,..
Namibia,NAM,CO2 emissions (kt),EN.ATM.CO2E.KT,2540,2620,2960,3030,3130,3320,3540,3820,4000,4270,4360,4330,4250,..,..
Namibia,NAM,Forest area (sq. km),AG.LND.FRST.K2,76330.276,75620.182,74910.088,74199.994,73489.9,72779.82,72069.74,71359.66,70649.58,69939.5,69229.4,68519.3,67809.2,..,..
Nauru,NRU,CO2 emissions (kt),EN.ATM.CO2E.KT,50,40,40,40,40,40,40,50,50,50,60,70,70,..,..
Nauru,NRU,Forest area (sq. km),AG.LND.FRST.K2,0,0,0,0,0,0,0,0,0,0,0,0,0,..,..
Nepal,NPL,CO2 emissions (kt),EN.ATM.CO2E.KT,2620,2690,2990,3880,4640,5200,6000,6090,7130,6460,9340,11030,12030,..,..
Nepal,NPL,Forest area (sq. km),AG.LND.FRST.K2,58895.22,59076.49,59257.76,59439.03,59620.3,59620.3,59620.3,59620.3,59620.3,59620.3,59620.3,59620.3,59620.3,..,..
New Caledonia,NCL,CO2 emissions (kt),EN.ATM.CO2E.KT,..,..,..,..,..,..,..,..,..,..,..,..,..,..,..
New Caledonia,NCL,Forest area (sq. km),AG.LND.FRST.K2,8385.52,8386.69,8387.86,8389.03,8390.2,8389.2,8388.2,8387.2,8386.2,8385.2,8384.2,8383.2,8382.2,..,..
New Zealand,NZL,CO2 emissions (kt),EN.ATM.CO2E.KT,34310,33390,34370,31320,31130,30350,32010,31750,31790,32190,31180,32920,32210,..,..
New Zealand,NZL,Forest area (sq. km),AG.LND.FRST.K2,98490.48,98488.16,98485.84,98483.52,98481.2,98478.18,98475.16,98472.14,98469.12,98466.1,98467.5,98508.5,98551.5,..,..
Nicaragua,NIC,CO2 emissions (kt),EN.ATM.CO2E.KT,4510,4670,4460,4390,4510,4770,4690,4490,4760,5270,5380,5400,5210,..,..
Nicaragua,NIC,Forest area (sq. km),AG.LND.FRST.K2,46726.18,45515.01,44303.84,43092.67,41881.5,41320.26,40759.02,40197.78,39636.54,39075.3,38075.3,37075.3,36075.3,..,..
Niger,NER,CO2 emissions (kt),EN.ATM.CO2E.KT,750,820,860,1080,1370,1410,1890,1790,1980,1970,1970,2070,2290,..,..
Niger,NER,Forest area (sq. km),AG.LND.FRST.K2,12535.8,12411.6,12287.4,12163.2,12039,11914.8,11790.6,11666.4,11542.2,11418,11293.8,11169.6,11045.4,..,..
Nigeria,NGA,CO2 emissions (kt),EN.ATM.CO2E.KT,92200,90130,91530,74240,90730,102090,100680,110720,116200,108150,108420,112920,130670,..,..
Nigeria,NGA,Forest area (sq. km),AG.LND.FRST.K2,239132.04,237498.98,235865.92,234232.86,232599.8,230966.74,229333.68,227700.62,226067.56,224434.5,222801.479,221168.5,219535.5,..,..
North Macedonia,MKD,CO2 emissions (kt),EN.ATM.CO2E.KT,9370,9810,9580,8960,8730,9640,9130,8240,7780,7480,7390,7860,7370,..,..
North Macedonia,MKD,Forest area (sq. km),AG.LND.FRST.K2,9592.78,9595.66,9598.54,9601.42,9604.3,9672.24,9740.18,9808.12,9876.06,9944,10016.7,10014.9,10014.9,..,..
Northern Mariana Islands,MNP,CO2 emissions (kt),EN.ATM.CO2E.KT,..,..,..,..,..,..,..,..,..,..,..,..,..,..,..
Northern Mariana Islands,MNP,Forest area (sq. km),AG.LND.FRST.K2,309.76,308.12,306.48,304.84,303.2,301.54,299.88,298.22,296.56,294.9,243.6,243.6,243.6,..,..
Norway,NOR,CO2 emissions (kt),EN.ATM.CO2E.KT,37360,38000,37070,37450,41860,40160,39110,38210,38280,38640,37950,36900,37350,..,..
Norway,NOR,Forest area (sq. km),AG.LND.FRST.K2,121064,121053,121042,121031,121020,121098,121176,121254,121332,121410,121488,121566,121644,..,..
Oman,OMN,CO2 emissions (kt),EN.ATM.CO2E.KT,37520,41030,40080,42730,46470,52380,58650,60990,64470,68300,69540,69900,73370,..,..
Oman,OMN,Forest area (sq. km),AG.LND.FRST.K2,30,30,30,30,30,30,30,30,30,30,28,27,26,..,..
Pakistan,PAK,CO2 emissions (kt),EN.ATM.CO2E.KT,132480,146260,142160,145140,140620,141640,143750,145100,153670,163590,180570,197700,208370,..,..
Pakistan,PAK,Forest area (sq. km),AG.LND.FRST.K2,42607.42,42189.89,41772.36,41354.83,40937.3,40615.04,40292.78,39970.52,39648.26,39326,38682.4,38499.2,38085.8,..,..
Palau,PLW,CO2 emissions (kt),EN.ATM.CO2E.KT,250,240,210,200,210,220,210,220,220,220,260,270,290,..,..
Palau,PLW,Forest area (sq. km),AG.LND.FRST.K2,401.68,402.66,403.64,404.62,405.6,406.46,407.32,408.18,409.04,409.9,410.8,411.6,412.5,..,..
Panama,PAN,CO2 emissions (kt),EN.ATM.CO2E.KT,7490,7480,7300,8700,9190,9990,10460,10610,11280,10700,10770,10250,10140,..,..
Panama,PAN,Forest area (sq. km),AG.LND.FRST.K2,43736.5,43622.35,43508.2,43394.05,43279.9,43165.74,43051.58,42937.42,42823.26,42709.1,42595,42480.8,42366.7,..,..
Papua New Guinea,PNG,CO2 emissions (kt),EN.ATM.CO2E.KT,4740,5040,4740,5010,5020,5150,4900,5230,5870,6430,7630,7700,7460,..,..
Papua New Guinea,PNG,Forest area (sq. km),AG.LND.FRST.K2,362185.177,362086.096,361987.015,361887.934,361788.853,361479.924,361170.995,360862.066,360553.138,360244.209,359898.8,359563.5,359228.2,..,..
Paraguay,PRY,CO2 emissions (kt),EN.ATM.CO2E.KT,3830,3950,4180,4370,5040,5220,5180,5300,5630,6370,7150,8000,8420,..,..
Paraguay,PRY,Forest area (sq. km),AG.LND.FRST.K2,209387.86,205966.42,202544.98,199123.54,195702.1,191559.56,187417.02,183274.48,179131.94,174989.4,173331.3,169402.7,166609.3,..,..
Peru,PER,CO2 emissions (kt),EN.ATM.CO2E.KT,31080,34110,38560,41680,45570,48580,48370,49520,52810,53820,56530,53990,54280,..,..
Peru,PER,Forest area (sq. km),AG.LND.FRST.K2,745490.12,744242.09,742994.06,741746.03,740498,738787.46,737076.92,735366.38,733655.84,731945.3,730102.8,728347.8,726760.4,..,..
Philippines,PHL,CO2 emissions (kt),EN.ATM.CO2E.KT,70810,74560,76730,77520,83570,84470,88060,97800,104410,113670,124920,136590,142240,..,..
Philippines,PHL,Forest area (sq. km),AG.LND.FRST.K2,70275.36,69805.82,69336.28,68866.74,68397.2,68746.06,69094.92,69443.78,69792.64,70141.5,70490.4,70839.3,71188.1,..,..
Poland,POL,CO2 emissions (kt),EN.ATM.CO2E.KT,314090,313370,308320,297260,313740,310590,303350,298330,285740,289050,299740,312820,312740,..,..
Poland,POL,Forest area (sq. km),AG.LND.FRST.K2,92210,92480,92750,93020,93290,93472,93654,93836,94018,94200,94350,94470,94590,..,..
Portugal,PRT,CO2 emissions (kt),EN.ATM.CO2E.KT,60450,58800,56840,56300,50940,49870,48220,46560,45930,49850,48760,53330,49780,..,..
Portugal,PRT,Forest area (sq. km),AG.LND.FRST.K2,32636,32607,32578,32549,32520,32640,32760,32880,33000,33120,33120,33120,33120,..,..
Puerto Rico,PRI,CO2 emissions (kt),EN.ATM.CO2E.KT,..,..,..,..,..,..,..,..,..,..,..,..,..,..,..
Puerto Rico,PRI,Forest area (sq. km),AG.LND.FRST.K2,4665.3,4727.6,4789.9,4852.2,4914.5,4919.36,4924.22,4929.08,4933.94,4938.8,4943.7,4948.6,4953.5,..,..
Qatar,QAT,CO2 emissions (kt),EN.ATM.CO2E.KT,44980,51050,55230,57170,62270,65770,73290,74600,80400,83310,85280,87680,90170,..,..
Qatar,QAT,Forest area (sq. km),AG.LND.FRST.K2,0,0,0,0,0,0,0,0,0,0,0,0,0,..,..
Romania,ROU,CO2 emissions (kt),EN.ATM.CO2E.KT,98940,96440,95210,80520,77500,83950,81730,72010,71410,72900,71140,74100,74880,..,..
Romania,ROU,Forest area (sq. km),AG.LND.FRST.K2,64554,64703,64852,65001,65150,65921.92,66693.84,67465.76,68237.68,69009.6,69290.5,69290.5,69290.5,..,..
Rwanda,RWA,CO2 emissions (kt),EN.ATM.CO2E.KT,510,540,530,560,570,650,720,780,810,930,1050,1050,1080,..,..
Rwanda,RWA,Forest area (sq. km),AG.LND.FRST.K2,2738,2716,2694,2672,2650,2660,2670,2680,2690,2700,2720,2730,2740,..,..
Samoa,WSM,CO2 emissions (kt),EN.ATM.CO2E.KT,190,190,190,190,190,200,200,200,210,240,300,300,320,..,..
Samoa,WSM,Forest area (sq. km),AG.LND.FRST.K2,1684.18,1679.36,1674.54,1669.72,1664.9,1660.06,1655.22,1650.38,1645.54,1640.7,1635.9,1631.1,1626.3,..,..
San Marino,SMR,CO2 emissions (kt),EN.ATM.CO2E.KT,..,..,..,..,..,..,..,..,..,..,..,..,..,..,..
San Marino,SMR,Forest area (sq. km),AG.LND.FRST.K2,10,10,10,10,10,10,10,10,10,10,10,10,10,..,..
Sao Tome and Principe,STP,CO2 emissions (kt),EN.ATM.CO2E.KT,80,80,90,90,100,100,120,120,120,120,120,130,140,..,..
Sao Tome and Principe,STP,Forest area (sq. km),AG.LND.FRST.K2,582.04,581.78,581.52,581.26,581,574.8,568.6,562.4,556.2,550,543.8,537.6,531.4,..,..
Senegal,SEN,CO2 emissions (kt),EN.ATM.CO2E.KT,5570,6200,6400,6650,7030,7570,7460,8010,8570,9280,9920,9570,9860,..,..
Senegal,SEN,Forest area (sq. km),AG.LND.FRST.K2,86221.6,85836.6,85451.6,85066.6,84681.6,84281.6,83881.6,83481.6,83081.6,82681.6,82281.6,81881.6,81481.6,..,..
Serbia,SRB,CO2 emissions (kt),EN.ATM.CO2E.KT,53760,52580,51350,47070,46660,50810,45450,46150,38720,45160,46240,46900,45540,..,..
Serbia,SRB,Forest area (sq. km),AG.LND.FRST.K2,26118,26371,26624,26877,27130,27143.06,27156.12,27169.18,27182.24,27195.3,27201.8,27218.6,27220,..,..
Seychelles,SYC,CO2 emissions (kt),EN.ATM.CO2E.KT,740,650,700,510,440,400,450,410,460,500,540,590,620,..,..
Seychelles,SYC,Forest area (sq. km),AG.LND.FRST.K2,337,337,337,337,337,337,337,337,337,337,337,337,337,..,..
Sierra Leone,SLE,CO2 emissions (kt),EN.ATM.CO2E.KT,630,540,550,550,590,770,890,1070,1180,940,960,970,1020,..,..
Sierra Leone,SLE,Forest area (sq. km),AG.LND.FRST.K2,28110.68,27913.41,27716.14,27518.87,27321.6,27124.34,26927.08,26729.82,26532.56,26335.3,26138,25940.7,25743.4,..,..
Singapore,SGP,CO2 emissions (kt),EN.ATM.CO2E.KT,37170,38290,38420,38830,42410,44770,43690,43920,44460,45500,46160,47430,47360,..,..
Singapore,SGP,Forest area (sq. km),AG.LND.FRST.K2,174.496,175.223,175.95,176.677,177.404,174.866,172.328,169.79,167.252,164.714,162.855,161.1,159.3,..,..
Sint Maarten (Dutch part),SXM,CO2 emissions (kt),EN.ATM.CO2E.KT,..,..,..,..,..,..,..,..,..,..,..,..,..,..,..
Sint Maarten (Dutch part),SXM,Forest area (sq. km),AG.LND.FRST.K2,..,..,..,..,..,3.7,3.7,3.7,3.7,3.7,3.7,3.7,3.7,..,..
Slovak Republic,SVK,CO2 emissions (kt),EN.ATM.CO2E.KT,37880,37220,37050,33840,35450,34130,32370,32940,30450,30750,31500,33580,33000,..,..
Slovak Republic,SVK,Forest area (sq. km),AG.LND.FRST.K2,19113.1,19129.6,19146.1,19162.6,19179.1,19186.78,19194.46,19202.14,19209.82,19217.5,19233.7,19259,19259,..,..
Slovenia,SVN,CO2 emissions (kt),EN.ATM.CO2E.KT,16310,16300,17390,15530,15810,15730,15170,14600,13170,13170,13930,14140,14050,..,..
Slovenia,SVN,Forest area (sq. km),AG.LND.FRST.K2,12414,12428,12442,12456,12470,12472,12474,12476,12478,12480,12459.7,12439.3,12419,..,..
Solomon Islands,SLB,CO2 emissions (kt),EN.ATM.CO2E.KT,330,340,320,330,340,350,360,390,340,310,360,350,370,..,..
Solomon Islands,SLB,Forest area (sq. km),AG.LND.FRST.K2,25332.08,25324.76,25317.44,25310.12,25302.8,25295.48,25288.16,25280.84,25273.52,25266.2,25258.9,25251.6,25244.3,..,..
Somalia,SOM,CO2 emissions (kt),EN.ATM.CO2E.KT,580,620,620,610,630,630,630,650,650,650,660,660,690,..,..
Somalia,SOM,Forest area (sq. km),AG.LND.FRST.K2,70545,69777.5,69010,68242.5,67475,66707.5,65940,65172.5,64405,63637.5,62870,62102.5,61335,..,..
South Africa,ZAF,CO2 emissions (kt),EN.ATM.CO2E.KT,379560,396900,426560,404020,425110,409120,426710,436870,447980,424880,425180,435140,433250,..,..
South Africa,ZAF,Forest area (sq. km),AG.LND.FRST.K2,175596.9,175232.9,174868.9,174504.9,174140.9,173776.9,173412.9,173048.9,172684.9,172320.9,171956.9,171592.9,171228.9,..,..
South Sudan,SSD,CO2 emissions (kt),EN.ATM.CO2E.KT,0,0,0,0,0,0,1420,1450,1530,1970,1730,1520,1380,..,..
South Sudan,SSD,Forest area (sq. km),AG.LND.FRST.K2,..,..,..,..,..,71570,71570,71570,71570,71570,71570,71570,71570,..,..
Sri Lanka,LKA,CO2 emissions (kt),EN.ATM.CO2E.KT,12410,13590,12810,12290,13070,15420,16830,14480,17600,20360,21930,23310,21630,..,..
Sri Lanka,LKA,Forest area (sq. km),AG.LND.FRST.K2,21287.4,21224.6,21161.8,21099,21036.2,21086.6,21137,21187.4,21237.8,21288.2,21256.6,21225,21193.4,..,..
St. Kitts and Nevis,KNA,CO2 emissions (kt),EN.ATM.CO2E.KT,230,250,250,700,240,260,350,230,230,240,250,240,260,..,..
St. Kitts and Nevis,KNA,Forest area (sq. km),AG.LND.FRST.K2,110,110,110,110,110,110,110,110,110,110,110,110,110,..,..
St. Lucia,LCA,CO2 emissions (kt),EN.ATM.CO2E.KT,410,320,320,1050,400,380,520,320,360,380,350,370,390,..,..
St. Lucia,LCA,Forest area (sq. km),AG.LND.FRST.K2,208.66,208.42,208.18,207.94,207.7,207.7,207.7,207.7,207.7,207.7,207.7,207.7,207.7,..,..
St. Martin (French part),MAF,CO2 emissions (kt),EN.ATM.CO2E.KT,..,..,..,..,..,..,..,..,..,..,..,..,..,..,..
St. Martin (French part),MAF,Forest area (sq. km),AG.LND.FRST.K2,10,10,10,10,10,12.4,12.4,12.4,12.4,12.4,12.4,12.4,12.4,..,..
St. Vincent and the Grenadines,VCT,CO2 emissions (kt),EN.ATM.CO2E.KT,250,300,220,990,250,230,400,220,290,220,270,270,280,..,..
St. Vincent and the Grenadines,VCT,Forest area (sq. km),AG.LND.FRST.K2,285.4,285.4,285.4,285.4,285.4,285.4,285.4,285.4,285.4,285.4,285.4,285.4,285.4,..,..
Sudan,SDN,CO2 emissions (kt),EN.ATM.CO2E.KT,12440,13420,14510,14980,15870,15350,15210,14500,15330,17800,20480,20340,20200,..,..
Sudan,SDN,Forest area (sq. km),AG.LND.FRST.K2,..,..,..,..,..,199069.22,197326.74,195584.26,193841.78,192099.3,190481.9,188760.3,187038.7,..,..
Suriname,SUR,CO2 emissions (kt),EN.ATM.CO2E.KT,1530,1410,1460,1450,1740,1950,2440,2290,2640,2750,2310,2130,2080,..,..
Suriname,SUR,Forest area (sq. km),AG.LND.FRST.K2,153162.64,153121.63,153080.62,153039.61,152998.6,152902.22,152805.84,152709.46,152613.08,152516.7,152403.2,152330.2,152207.8,..,..
Sweden,SWE,CO2 emissions (kt),EN.ATM.CO2E.KT,48900,47140,46150,42880,48130,44590,42150,40550,39100,39200,38790,38330,36000,..,..
Sweden,SWE,Forest area (sq. km),AG.LND.FRST.K2,281090,281000,280910,280820,280730,280544,280358,280172,279986,279800,279800,279800,279800,..,..
Syrian Arab Republic,SYR,CO2 emissions (kt),EN.ATM.CO2E.KT,58830,62120,64060,59160,59700,55920,45990,30530,27070,26040,26460,29100,27910,..,..
Syrian Arab Republic,SYR,Forest area (sq. km),AG.LND.FRST.K2,4680.8,4740.8,4800.8,4860.8,4920.8,4980.8,5040.8,5100.8,5160.8,5220.8,5220.8,5220.8,5220.8,..,..
Tajikistan,TJK,CO2 emissions (kt),EN.ATM.CO2E.KT,2670,3250,3030,2390,2420,2540,2990,3160,4470,4760,5960,6370,7330,..,..
Tajikistan,TJK,Forest area (sq. km),AG.LND.FRST.K2,4100,4100,4100,4100,4100,4123.6,4147.2,4170.8,4194.4,4218,4218,4218,4218,..,..
Tanzania,TZA,CO2 emissions (kt),EN.ATM.CO2E.KT,6060,5910,6100,5930,6910,8160,9870,10810,10720,11690,10920,11360,11580,..,..
Tanzania,TZA,Forest area (sq. km),AG.LND.FRST.K2,514380.1,510660.1,506940.1,503220.1,499500.1,495780.08,492060.06,488340.04,484620.02,480900,476210,471520,466830,..,..
Thailand,THA,CO2 emissions (kt),EN.ATM.CO2E.KT,218090,224150,228310,221300,235520,234620,252070,262460,258660,263080,260720,260660,257860,..,..
Thailand,THA,Forest area (sq. km),AG.LND.FRST.K2,196430,197505,198580,199655,200730,200706,200682,200658,200634,200610,200170,199810,199450,..,..
Timor-Leste,TLS,CO2 emissions (kt),EN.ATM.CO2E.KT,200,200,210,230,240,250,300,460,530,610,690,600,640,..,..
Timor-Leste,TLS,Forest area (sq. km),AG.LND.FRST.K2,9407,9393,9379,9365,9351,9337,9323,9309,9295,9281,9267,9256,9239,..,..
Togo,TGO,CO2 emissions (kt),EN.ATM.CO2E.KT,1570,1500,1570,2820,2630,2510,2230,1750,1590,1820,2300,2070,2260,..,..
Togo,TGO,Forest area (sq. km),AG.LND.FRST.K2,12507.076,12477.482,12447.888,12418.294,12388.7,12359.1,12329.5,12299.9,12270.3,12240.7,12211.1,12181.5,12151.9,..,..
Tonga,TON,CO2 emissions (kt),EN.ATM.CO2E.KT,150,130,130,140,120,110,110,120,110,110,150,180,190,..,..
Tonga,TON,Forest area (sq. km),AG.LND.FRST.K2,89.5,89.5,89.5,89.5,89.5,89.5,89.5,89.5,89.5,89.5,89.5,89.5,89.5,..,..
Trinidad and Tobago,TTO,CO2 emissions (kt),EN.ATM.CO2E.KT,22220,22070,21140,20190,22620,23190,22120,22730,21920,21260,18230,18190,17760,..,..
Trinidad and Tobago,TTO,Forest area (sq. km),AG.LND.FRST.K2,2341.06,2336.82,2332.58,2328.34,2324.1,2319.86,2315.62,2311.38,2307.14,2302.9,2298.7,2294.5,2290.3,..,..
Tunisia,TUN,CO2 emissions (kt),EN.ATM.CO2E.KT,24070,24520,24790,25090,27440,25720,26680,26770,28830,29670,28990,29890,29980,..,..
Tunisia,TUN,Forest area (sq. km),AG.LND.FRST.K2,6795.98,6815.56,6835.14,6854.72,6874.3,6889.6,6904.9,6920.2,6935.5,6950.8,6966.1,6981.4,6996.7,..,..
Turkmenistan,TKM,CO2 emissions (kt),EN.ATM.CO2E.KT,49730,56200,56850,50380,57360,63410,66300,67780,69490,72080,72020,71960,71730,..,..
Turkmenistan,TKM,Forest area (sq. km),AG.LND.FRST.K2,41270,41270,41270,41270,41270,41270,41270,41270,41270,41270,41270,41270,41270,..,..
Turks and Caicos Islands,TCA,CO2 emissions (kt),EN.ATM.CO2E.KT,..,..,..,..,..,..,..,..,..,..,..,..,..,..,..
Turks and Caicos Islands,TCA,Forest area (sq. km),AG.LND.FRST.K2,105.2,105.2,105.2,105.2,105.2,105.2,105.2,105.2,105.2,105.2,105.2,105.2,105.2,..,..
Tuvalu,TUV,CO2 emissions (kt),EN.ATM.CO2E.KT,10,10,10,10,10,10,10,10,10,10,10,10,10,..,..
Tuvalu,TUV,Forest area (sq. km),AG.LND.FRST.K2,10,10,10,10,10,10,10,10,10,10,10,10,10,..,..
Uganda,UGA,CO2 emissions (kt),EN.ATM.CO2E.KT,2600,2940,3180,3410,3850,4160,3910,4270,4740,4860,5670,5840,6130,..,..
Uganda,UGA,Forest area (sq. km),AG.LND.FRST.K2,29154.32,28741.79,28329.26,27916.73,27504.2,27091.68,26679.16,26266.64,25854.12,25441.6,25029.1,24616.6,24204.1,..,..
Ukraine,UKR,CO2 emissions (kt),EN.ATM.CO2E.KT,303990,312140,301330,252290,269460,283520,277290,268600,237610,190870,201250,174840,185370,..,..
Ukraine,UKR,Forest area (sq. km),AG.LND.FRST.K2,95328,95366,95404,95442,95480,95698,95916,96134,96352,96570,96640,96710,96780,..,..
United Arab Emirates,ARE,CO2 emissions (kt),EN.ATM.CO2E.KT,121460,131690,156200,157180,162820,166320,175730,184100,183840,194040,199460,208250,200300,..,..
United Arab Emirates,ARE,Forest area (sq. km),AG.LND.FRST.K2,3141.52,3149.39,3157.26,3165.13,3173,3173,3173,3173,3173,3173,3173,3173,3173,..,..
Uruguay,URY,CO2 emissions (kt),EN.ATM.CO2E.KT,6330,5850,7750,7670,6280,7610,8520,7360,6500,6590,6530,6080,6520,..,..
Uruguay,URY,Forest area (sq. km),AG.LND.FRST.K2,15863.8,16226.1,16588.4,16950.7,17313,17690.4,18067.8,18445.2,18822.6,19200,19470,19680,19890,..,..
Uzbekistan,UZB,CO2 emissions (kt),EN.ATM.CO2E.KT,121930,118350,124200,114360,122560,125040,111290,113130,105410,101530,107350,111380,112090,..,..
Uzbekistan,UZB,Forest area (sq. km),AG.LND.FRST.K2,31943.444,32331.583,32719.722,33107.861,33496,33895.6,34295.2,34694.8,35094.4,35494,35863,36121.36,36379.8,..,..
Vanuatu,VUT,CO2 emissions (kt),EN.ATM.CO2E.KT,70,110,100,130,130,130,120,110,160,140,180,170,180,..,..
Vanuatu,VUT,Forest area (sq. km),AG.LND.FRST.K2,4423,4423,4423,4423,4423,4423,4423,4423,4423,4423,4423,4423,4423,..,..
"Venezuela, RB",VEN,CO2 emissions (kt),EN.ATM.CO2E.KT,149890,152780,163490,163930,171400,170180,183930,187680,188350,173880,162060,148740,138160,..,..
"Venezuela, RB",VEN,Forest area (sq. km),AG.LND.FRST.K2,481634,479988,478342,476696,475050,473406,471762,470118,468474,466830,465432.6,464281.8,463377.6,..,..
Vietnam,VNM,CO2 emissions (kt),EN.ATM.CO2E.KT,95760,105380,117620,131720,149440,149020,147270,153630,168560,209200,223870,222130,257860,..,..
Vietnam,VNM,Forest area (sq. km),AG.LND.FRST.K2,127464.76,129068.72,130672.68,132276.64,133880.6,135228.2,136575.8,137923.4,139271,140618.6,143776.8,144153.9,144912.9,..,..
Virgin Islands (U.S.),VIR,CO2 emissions (kt),EN.ATM.CO2E.KT,..,..,..,..,..,..,..,..,..,..,..,..,..,..,..
Virgin Islands (U.S.),VIR,Forest area (sq. km),AG.LND.FRST.K2,192.46,190.42,188.38,186.34,184.3,185.76,187.22,188.68,190.14,191.6,193.1,194.6,196.1,..,..
West Bank and Gaza,PSE,CO2 emissions (kt),EN.ATM.CO2E.KT,..,..,..,..,..,..,..,..,..,..,..,..,..,..,..
West Bank and Gaza,PSE,Forest area (sq. km),AG.LND.FRST.K2,91.7000007629395,91.7000007629395,91.7000007629395,91.7000007629395,91.7000007629395,91.7000007629395,91.7000007629395,91.7000007629395,91.7000007629395,91.7000007629395,91.7000007629395,..,..,..,..
"Yemen, Rep.",YEM,CO2 emissions (kt),EN.ATM.CO2E.KT,19410,20630,22010,25650,23990,20690,19680,26350,26710,14210,10880,10060,9310,..,..
"Yemen, Rep.",YEM,Forest area (sq. km),AG.LND.FRST.K2,5490,5490,5490,5490,5490,5490,5490,5490,5490,5490,5490,5490,5490,..,..
Zambia,ZMB,CO2 emissions (kt),EN.ATM.CO2E.KT,2180,1980,2180,2470,2640,3060,4020,4240,4800,5070,5590,6990,7740,..,..
Zambia,ZMB,Forest area (sq. km),AG.LND.FRST.K2,468392,468034,467676,467318,466960,465078.2,463196.4,461314.6,459432.8,457551,455668,453786.7,451904.6,..,..
Zimbabwe,ZWE,CO2 emissions (kt),EN.ATM.CO2E.KT,9830,9760,7600,7750,9810,11490,12110,12360,12150,12400,10990,10230,12270,..,..
Zimbabwe,ZWE,Forest area (sq. km),AG.LND.FRST.K2,180895.6,180434.9,179974.2,179513.5,179052.8,178592.1,178131.4,177670.7,177210,176749.3,176288.6,175827.9,175367.2,..,..
Africa Eastern and Southern,AFE,CO2 emissions (kt),EN.ATM.CO2E.KT,476590.299877129,500147.184546258,533634.514562978,515682.543832365,543808.651820938,535604.357505138,559333.857277447,580510.924988882,601860.163982524,586385.004028878,592299.593958805,601323.394690938,600351.133332593,..,..
Africa Eastern and Southern,AFE,Forest area (sq. km),AG.LND.FRST.K2,4622150.756,4597665.292,4573179.828,4548694.364,4524208.9,4765400.98,4734211.36,4703021.74,4671832.12,4640642.5,4607876.1,4575901.2,4544314.78,..,..
Africa Western and Central,AFW,CO2 emissions (kt),EN.ATM.CO2E.KT,153210,153350,157600,145550,165750,179070,181740,191990,198440,193060,195120,201900,224380,..,..
Africa Western and Central,AFW,Forest area (sq. km),AG.LND.FRST.K2,1903460.096,1895126.472,1886792.848,1878459.224,1870125.6,1862169.28,1854212.96,1846256.64,1838300.32,1830344,1822960.779,1815608.1,1807898.6,..,..
Arab World,ARB,CO2 emissions (kt),EN.ATM.CO2E.KT,1225851.31236809,1282565.18905739,1385236.68921583,1453510.27408105,1533835.68328257,1564748.61270522,1675996.99451633,1706809.49206951,1784413.19760842,1828844.25666163,1846600.61118379,1865421.54352234,1863603.72668494,..,..
Arab World,ARB,Forest area (sq. km),AG.LND.FRST.K2,192215.100000763,191997.450000763,191779.800000763,191562.150000763,191344.500000763,389730.660000763,387305.120000763,384879.580000763,382454.040000763,380028.500000763,377720.900000763,375090.3,372532.7,..,..
Caribbean small states,CSS,CO2 emissions (kt),EN.ATM.CO2E.KT,42900,42970,39950,48680,39680,41140,42870,41400,40210,39450,36580,35670,36920,..,..
Caribbean small states,CSS,Forest area (sq. km),AG.LND.FRST.K2,367011.52,366890.49,366769.46,366648.43,366527.4,366230.12,365932.84,365635.56,365338.28,365041,364757.9,364515.3,364223.4,..,..
Central Europe and the Baltics,CEB,CO2 emissions (kt),EN.ATM.CO2E.KT,750980,757920,740540,683460,708620,708790,682080,656190,635680,645360,656330,680750,676470,..,..
Central Europe and the Baltics,CEB,Forest area (sq. km),AG.LND.FRST.K2,366997.96,368368.02,369738.08,371108.14,372478.2,373931.3,375384.4,376837.5,378290.6,379743.7,380336.502,380939.984,381258,..,..
Early-demographic dividend,EAR,CO2 emissions (kt),EN.ATM.CO2E.KT,4910871.38036826,5228350.57010058,5445259.14399551,5611922.45401549,5871397.84639943,6097436.46226567,6382099.55815815,6455620.42245337,6786314.14661783,6852436.87383323,6961236.5406579,7207207.07929263,7400359.5242425,..,..
Early-demographic dividend,EAR,Forest area (sq. km),AG.LND.FRST.K2,7941155.70200076,7919566.47000076,7897977.23800076,7876388.00500076,7854798.77300076,7824271.58000076,7793744.38700076,7763217.19400076,7732690.00200076,7702162.80900076,7686795.30000076,7655430.06,7632887,..,..
East Asia & Pacific,EAS,CO2 emissions (kt),EN.ATM.CO2E.KT,10068470.8765328,10757242.9122241,10956090.9583491,11446424.057105,12423292.8821388,13409665.6283473,13756716.1009153,14185336.6519105,14155188.4516276,14136568.7385092,14170430.3914366,14433707.8899407,14810056.8744746,..,..
East Asia & Pacific,EAS,Forest area (sq. km),AG.LND.FRST.K2,6458851.693,6475568.109,6492284.525,6509000.941,6525717.357,6538256.81,6550796.263,6563335.716,6575875.17,6588414.623,6617999.125,6617836.7,6625321.5,..,..
East Asia & Pacific (excluding high income),EAP,CO2 emissions (kt),EN.ATM.CO2E.KT,7467099.63005968,8062943.96381154,8302969.73792014,8812611.99797747,9644902.01971465,10505942.7330843,10794379.6717816,11202249.4835804,11235090.2736051,11228610.1177171,11254610.7431934,11507916.8367761,11907866.4580451,..,..
East Asia & Pacific (excluding high income),EAP,Forest area (sq. km),AG.LND.FRST.K2,4727431.797,4746432.386,4765432.975,4784433.564,4803434.153,4809026.164,4814618.175,4820210.186,4825802.198,4831394.209,4851733.57,4851860.1,4859526.8,..,..
East Asia & Pacific (IDA & IBRD countries),TEA,CO2 emissions (kt),EN.ATM.CO2E.KT,7388280,7997390,8230190,8757280,9593300,10468910,10755870,11174430,11203670,11203310,11224570,11485600,11889820,..,..
East Asia & Pacific (IDA & IBRD countries),TEA,Forest area (sq. km),AG.LND.FRST.K2,4664384.877,4683599.046,4702813.215,4722027.384,4741241.553,4747047.024,4752852.495,4758657.966,4764463.438,4770268.909,4790821.77,4791161.7,4799041.9,..,..
Euro area,EMU,CO2 emissions (kt),EN.ATM.CO2E.KT,2730260,2693450,2636270,2438490,2501370,2408310,2379020,2332350,2208030,2256340,2253030,2256530,2207420,..,..
Euro area,EMU,Forest area (sq. km),AG.LND.FRST.K2,1001775.556,1005704.3,1009633.043,1013561.787,1017490.53,1019686.45,1021882.37,1024078.29,1026274.21,1028470.13,1030071.2,1031881.2,1033420,..,..
Europe & Central Asia,ECS,CO2 emissions (kt),EN.ATM.CO2E.KT,6844736.25562898,6835622.54625027,6808431.64409291,6281559.09135102,6542802.06843192,6555060.50829955,6516141.96473289,6383963.13354585,6107967.96534974,6069600.2503719,6089580.3055483,6148128.37700757,6142069.26253052,..,..
Europe & Central Asia,ECS,Forest area (sq. km),AG.LND.FRST.K2,10463751.783,10476869.053,10489986.324,10503103.593,10516220.863,10521971.919,10527722.972,10533474.027,10539225.082,10544976.137,10551036.454,10557512.059,10562170.462,..,..
Europe & Central Asia (excluding high income),ECA,CO2 emissions (kt),EN.ATM.CO2E.KT,2866315.41264781,2912541.45761608,2973768.67087342,2725352.53066891,2877298.23191623,3042250.95817305,3033362.49038921,2973728.58759142,2886246.82462307,2807994.23733557,2837305.1372992,2893251.37815284,2949087.38998098,..,..
Europe & Central Asia (excluding high income),ECA,Forest area (sq. km),AG.LND.FRST.K2,8853259.512,8861925.269,8870591.027,8879256.783,8887922.541,8891039.055,8894155.567,8897272.08,8900388.594,8903505.107,8907642.552,8911931.175,8914682.962,..,..
Europe & Central Asia (IDA & IBRD countries),TEC,CO2 emissions (kt),EN.ATM.CO2E.KT,3201678.07350311,3248439.98186905,3303436.3136876,3042599.43064726,3210142.90053165,3371465.47386607,3353744.43361343,3288680.46728164,3187913.96422831,3113343.34600293,3153613.88405586,3223185.74643835,3278021.79750843,..,..
Europe & Central Asia (IDA & IBRD countries),TEC,Forest area (sq. km),AG.LND.FRST.K2,8964529.512,8973500.269,8982471.027,8991441.783,9000412.541,9003715.055,9007017.567,9010320.08,9013622.594,9016925.107,9021233.754,9025717.259,9028614.062,..,..
European Union,EUU,CO2 emissions (kt),EN.ATM.CO2E.KT,3497050,3456800,3379180,3129340,3215040,3117130,3057640,2983560,2838990,2896820,2904100,2926600,2871000,..,..
European Union,EUU,Forest area (sq. km),AG.LND.FRST.K2,1546873.356,1551688.3,1556503.243,1561318.187,1566133.13,1569420.23,1572707.33,1575994.43,1579281.53,1582568.63,1584695.302,1586843.084,1588671.1,..,..
Fragile and conflict affected situations,FCS,CO2 emissions (kt),EN.ATM.CO2E.KT,589593.441158129,583572.912414411,619369.547724519,626665.612219025,671707.330650842,678687.062279153,723565.512134869,745929.338519784,772835.180645897,731376.557142715,733331.864367626,745603.453982299,771602.929738531,..,..
Fragile and conflict affected situations,FCS,Forest area (sq. km),AG.LND.FRST.K2,4695284.22500076,4674976.31800076,4654668.41200076,4634360.50500076,4614052.59900076,4860441.61500076,4834448.93000076,4808456.24600076,4782463.56300076,4756470.87900076,4729604.53100076,4703733.548,4678595.63,..,..
Heavily indebted poor countries (HIPC),HPC,CO2 emissions (kt),EN.ATM.CO2E.KT,112740,121540,128480,135980,146550,157750,164190,169460,179610,188990,197520,204450,211980,..,..
Heavily indebted poor countries (HIPC),HPC,Forest area (sq. km),AG.LND.FRST.K2,5488036.516,5462110.262,5436184.008,5410257.754,5384331.5,5553223.96,5521304.72,5489385.48,5457466.24,5425547,5391094.3,5357638.9,5324413.28,..,..
High income,HIC,CO2 emissions (kt),EN.ATM.CO2E.KT,13335232.465005,13505864.9834032,13237467.563315,12497886.731913,13023889.0117966,12779818.1652863,12635662.5795046,12733610.9241457,12533637.7248378,12490171.9366894,12388259.1860484,12320925.4316999,12366368.3272107,..,..
High income,HIC,Forest area (sq. km),AG.LND.FRST.K2,10090735.287,10098942.897,10107150.507,10115358.117,10123565.726,10137634.09,10151695.653,10165757.217,10179818.78,10193880.344,10205900.957,10205869.584,10208665.8,..,..
IBRD only,IBD,CO2 emissions (kt),EN.ATM.CO2E.KT,14452560,15353190,15854650,16275440,17496240,18689600,19263990,19763900,19941800,19845450,19902630,20344460,20938730,..,..
IBRD only,IBD,Forest area (sq. km),AG.LND.FRST.K2,24378470.104,24351786.338,24325102.573,24298418.806,24271735.041,24253670.955,24235606.867,24217542.78,24199478.694,24181414.607,24176884.724,24147934.957,24136296.662,..,..
IDA & IBRD total,IBT,CO2 emissions (kt),EN.ATM.CO2E.KT,15084787.4142322,16011930.2825911,16526875.0958379,16937581.8917485,18196514.9197533,19417415.8338957,19985125.2009012,20501044.1792102,20703760.9472236,20620736.7416826,20724486.9753909,21220900.8697318,21860535.5217268,..,..
IDA & IBRD total,IBT,Forest area (sq. km),AG.LND.FRST.K2,31013078.566,30956214.478,30899350.391,30842486.301,30785622.214,31001079.655,30944155.394,30887231.134,30830306.876,30773382.616,30730056.403,30663489.759,30614171.742,..,..
IDA blend,IDB,CO2 emissions (kt),EN.ATM.CO2E.KT,385540,395160,396420,377500,398410,414270,400120,415140,423580,424310,449690,474460,505410,..,..
IDA blend,IDB,Forest area (sq. km),AG.LND.FRST.K2,1348766.601,1345438.039,1342109.477,1338780.915,1335452.353,1332314.904,1329177.455,1326040.006,1322902.558,1319765.109,1316722.779,1314043.36,1311097.8,..,..
IDA only,IDX,CO2 emissions (kt),EN.ATM.CO2E.KT,239578.110180722,256075.666731316,268149.29750298,276843.540526849,293392.299922107,304298.505835442,311456.663519405,312058.04927499,328591.061064114,341495.372361914,363012.750837155,393010.68776403,407199.314404265,..,..
IDA only,IDX,Forest area (sq. km),AG.LND.FRST.K2,5285841.861,5258990.101,5232138.341,5205286.58,5178434.82,5415093.796,5379371.072,5343648.348,5307925.624,5272202.9,5236448.9,5201511.442,5166777.28,..,..
IDA total,IDA,CO2 emissions (kt),EN.ATM.CO2E.KT,627789.923400913,653864.653790597,667089.497614359,656519.756535291,694086.420178727,720951.601003854,713695.671365683,729482.982087283,754423.089864005,767965.184070425,814983.254246412,869798.90069809,915178.569633271,..,..
IDA total,IDA,Forest area (sq. km),AG.LND.FRST.K2,6634608.462,6604428.14,6574247.818,6544067.495,6513887.173,6747408.7,6708548.527,6669688.354,6630828.182,6591968.009,6553171.679,6515554.802,6477875.08,..,..
Late-demographic dividend,LTE,CO2 emissions (kt),EN.ATM.CO2E.KT,10397376.5566956,11030436.5421575,11394485.5616523,11682751.8797806,12689095.7999736,13652799.9915837,13992356.8476601,14433608.5500354,14360887.3690962,14305417.4529332,14285376.5790834,14543128.4008475,14912796.9216529,..,..
Late-demographic dividend,LTE,Forest area (sq. km),AG.LND.FRST.K2,17556878.508,17549426.266,17541974.025,17534521.782,17527069.541,17535737.695,17544405.847,17553074,17561742.154,17570410.307,17578118.622,17578621.615,17587197.862,..,..
Latin America & Caribbean,LCN,CO2 emissions (kt),EN.ATM.CO2E.KT,1445292.97550269,1505460.99577278,1563575.63876721,1531575.48201604,1613466.60742502,1675332.22177943,1734371.90107131,1778631.33007214,1790321.34921568,1782849.90219785,1747810.34046936,1713340.03184698,1689187.43577303,..,..
Latin America & Caribbean,LCN,Forest area (sq. km),AG.LND.FRST.K2,9822549.52,9767237.84,9711926.16,9656614.48,9601302.8,9572388.48,9543467.36,9514546.24,9485625.12,9456704,9426994.8,9392385.2,9369198.6,..,..
Latin America & Caribbean (excluding high income),LAC,CO2 emissions (kt),EN.ATM.CO2E.KT,1182150,1231290,1272910,1236790,1312820,1365790,1406200,1443720,1463440,1465780,1442170,1421350,1408370,..,..
Latin America & Caribbean (excluding high income),LAC,Forest area (sq. km),AG.LND.FRST.K2,9148587.06,9093595.77,9038604.48,8983613.19,8928621.9,8899224.36,8869826.82,8840429.28,8811031.74,8781634.2,8751821.6,8716921.9,8693197.8,..,..
Latin America & the Caribbean (IDA & IBRD countries),TLA,CO2 emissions (kt),EN.ATM.CO2E.KT,1392010,1450240,1507960,1468940,1553310,1615470,1671480,1717780,1730430,1722720,1687450,1656490,1633250,..,..
Latin America & the Caribbean (IDA & IBRD countries),TLA,Forest area (sq. km),AG.LND.FRST.K2,9784914.2,9729045.5,9673176.8,9617308.1,9561439.4,9532008,9502576.6,9473145.2,9443713.8,9414282.4,9383996.8,9349370.8,9326176.9,..,..
Least developed countries: UN classification,LDC,CO2 emissions (kt),EN.ATM.CO2E.KT,160932.075472525,173857.488927538,184545.616025271,201213.399387007,217047.285106483,229443.885422503,239989.639752045,258124.571461542,277684.823890682,288955.977099205,310386.331181776,331230.383124353,338640.029134978,..,..
Least developed countries: UN classification,LDC,Forest area (sq. km),AG.LND.FRST.K2,5589741.601,5560713.931,5531686.261,5502658.59,5473630.92,5706757.236,5667501.852,5628246.468,5588991.084,5549735.7,5510387.9,5471861.6,5433740.18,..,..
Low & middle income,LMY,CO2 emissions (kt),EN.ATM.CO2E.KT,14624393.2788482,15529161.4414979,16041642.7650631,16450672.5165904,17682588.3763145,18883932.3989046,19446572.3638731,19948742.9084961,20175506.6731331,20092679.3732224,20201900.8658996,20687299.6833284,21334207.7303944,..,..
Low & middle income,LMY,Forest area (sq. km),AG.LND.FRST.K2,30328283.0460008,30271777.7880008,30215272.5310008,30158767.2710008,30102262.0140008,30317353.8550008,30260063.9940008,30202774.1340008,30145484.2760008,30088194.4160008,30044956.5010008,29977616.175,29927409.442,..,..
Low income,LIC,CO2 emissions (kt),EN.ATM.CO2E.KT,204351.244560847,199022.497734821,214843.505753176,200406.31958499,200912.343992888,185401.146836511,175662.758741662,156787.615063905,163116.881907559,147652.168422256,156142.398541008,152609.069963241,149413.711945085,..,..
Low income,LIC,Forest area (sq. km),AG.LND.FRST.K2,3047644.196,3032915.272,3018186.348,3003457.424,2988728.5,3240589.36,3220068.52,3199547.68,3179026.84,3158506,3136866.2,3116042.5,3095631.28,..,..
Lower middle income,LMC,CO2 emissions (kt),EN.ATM.CO2E.KT,3439900.13489183,3678144.09426765,3796644.91645004,3945382.0830141,4149853.10769455,4380573.046318,4570086.19751872,4652369.52966142,4913355.86867488,4967186.17959693,5095344.99912323,5308121.50077267,5608350.96799786,..,..
Lower middle income,LMC,Forest area (sq. km),AG.LND.FRST.K2,7091009.12600076,7070869.73800076,7050730.35000076,7030590.96100076,7010451.57300076,6979564.12000076,6948676.66700076,6917789.21400076,6886901.76200076,6856014.30900076,6839080.57900076,6804014.802,6776367.9,..,..
Middle East & North Africa,MEA,CO2 emissions (kt),EN.ATM.CO2E.KT,1769544.69838678,1860354.63808797,1972254.23564486,2056000.84559799,2139556.82591304,2181023.78876632,2307912.89576013,2351557.04974313,2443881.99341017,2477603.37307382,2495121.2335001,2529043.27594068,2531611.75948543,..,..
Middle East & North Africa,MEA,Forest area (sq. km),AG.LND.FRST.K2,220383.600000763,222359.550000763,224335.500000763,226311.450000763,228287.400000763,228452.620000763,228617.840000763,228783.060000763,228948.280000763,229113.500000763,229100.900000763,229103.3,229258.9,..,..
Middle East & North Africa (excluding high income),MNA,CO2 emissions (kt),EN.ATM.CO2E.KT,1079480.63056169,1129435.70488131,1172756.27819798,1232768.81306684,1252783.05888453,1261561.94336795,1323819.53699805,1350387.74359407,1398812.55364594,1385493.21399966,1398550.79791593,1436132.88022854,1470946.39231988,..,..
Middle East & North Africa (excluding high income),MNA,Forest area (sq. km),AG.LND.FRST.K2,205841.080000763,207806.610000763,209772.140000763,211737.670000763,213703.200000763,213846.260000763,213989.320000763,214132.380000763,214275.440000763,214418.500000763,214657.400000763,214660.2,214816.2,..,..
Middle East & North Africa (IDA & IBRD countries),TMN,CO2 emissions (kt),EN.ATM.CO2E.KT,1072240,1121860,1164890,1224500,1244380,1253100,1314940,1341330,1389430,1376200,1389170,1426500,1461080,..,..
Middle East & North Africa (IDA & IBRD countries),TMN,Forest area (sq. km),AG.LND.FRST.K2,205749.38,207714.91,209680.44,211645.97,213611.5,213754.56,213897.62,214040.68,214183.74,214326.8,214565.7,214660.2,214816.2,..,..
Middle income,MIC,CO2 emissions (kt),EN.ATM.CO2E.KT,14418249.9527771,15327681.0810587,15824545.9942268,16247340.5447804,17478083.5216956,18693794.2482869,19265560.2010181,19785934.2726487,20006403.9413466,19938728.7904212,20039600.9948248,20528219.1874424,21177938.6673191,..,..
Middle income,MIC,Forest area (sq. km),AG.LND.FRST.K2,27280638.8500008,27238862.5160008,27197086.1830008,27155309.8470008,27113533.5140008,27076764.4950008,27039995.4740008,27003226.4540008,26966457.4360008,26929688.4160008,26908090.3010008,26861573.675,26831778.162,..,..
North America,NAC,CO2 emissions (kt),EN.ATM.CO2E.KT,6200326.538512,6314305.74071488,6116180.2144772,5682803.13554922,5930460.04334631,5722290.1811996,5499724.10453784,5648288.23626019,5666856.25164582,5543983.21017687,5441468.95712913,5378301.68927089,5558099.30377015,..,..
North America,NAC,Forest area (sq. km),AG.LND.FRST.K2,6541615.14,6546319.38,6551023.62,6555727.86,6560432.1,6562769.1,6565106.1,6567443.1,6569780.1,6572117.1,6571720.4,6568350.5,6567980.7,..,..
Not classified,INX,CO2 emissions (kt),EN.ATM.CO2E.KT,..,..,..,..,..,..,..,..,..,..,..,..,..,..,..
Not classified,INX,Forest area (sq. km),AG.LND.FRST.K2,..,..,..,..,..,..,..,..,..,..,..,..,..,..,..
OECD members,OED,CO2 emissions (kt),EN.ATM.CO2E.KT,13124420,13294680,12976000,12207250,12688450,12449720,12262310,12321670,12094430,12032840,11961830,11924640,11998460,..,..
OECD members,OED,Forest area (sq. km),AG.LND.FRST.K2,11539457.136,11544799.31,11550141.483,11555483.657,11560825.83,11573194.09,11585562.35,11597930.61,11610298.87,11622667.13,11631555.2,11629150.3,11630163.6,..,..
Other small states,OSS,CO2 emissions (kt),EN.ATM.CO2E.KT,136421.697733148,145761.105042956,153260.779804115,151129.504939013,161514.44331472,166159.014011309,174865.070771582,180585.332084048,187039.475779308,185983.891530083,187944.262278644,192096.226992261,197072.552738607,..,..
Other small states,OSS,Forest area (sq. km),AG.LND.FRST.K2,611836.796,610057.372,608277.948,606498.524,604719.1,602668.88,600618.66,598568.44,596518.22,594468,592247.9,590206.8,587984.7,..,..
Pacific island small states,PSS,CO2 emissions (kt),EN.ATM.CO2E.KT,2770,2660,2270,2340,2500,2480,2410,2570,2760,2950,3490,3590,3780,..,..
Pacific island small states,PSS,Forest area (sq. km),AG.LND.FRST.K2,43151.78,43207.66,43263.54,43319.42,43375.3,43431.04,43486.78,43542.52,43598.26,43654,43709.9,43765.7,43821.6,..,..
Post-demographic dividend,PST,CO2 emissions (kt),EN.ATM.CO2E.KT,12396524.7038996,12527069.0859575,12186617.3865295,11397032.6454777,11856750.0948029,11601466.6569641,11390512.9722928,11455005.4184579,11206623.980318,11060907.2723915,10951803.3587856,10847669.6898607,10935463.9309272,..,..
Post-demographic dividend,PST,Forest area (sq. km),AG.LND.FRST.K2,9956764.852,9964275.323,9971785.793,9979296.264,9986806.734,9999287.936,10011769.138,10024250.34,10036731.542,10049212.744,10061358.057,10059915.984,10061410.6,..,..
Pre-demographic dividend,PRE,CO2 emissions (kt),EN.ATM.CO2E.KT,290400.109834911,288769.103845816,308381.697602893,323101.273392684,362843.114977919,393254.791867768,415673.526363849,441800.768949695,461688.971381734,455631.650844057,472632.530486471,479921.506200142,513004.571870087,..,..
Pre-demographic dividend,PRE,Forest area (sq. km),AG.LND.FRST.K2,5443117.796,5414706.422,5386295.048,5357883.674,5329472.3,5566366.88,5530879.76,5495392.64,5459905.52,5424418.4,5387374.479,5351162,5315324.18,..,..
Small states,SST,CO2 emissions (kt),EN.ATM.CO2E.KT,182160.4017766,191450.71283374,195518.362539839,202227.473660023,203723.967008686,209810.376198553,220175.350264466,224574.438094766,230018.058195274,228390.998312834,228009.342291027,231343.810692077,237761.658006144,..,..
Small states,SST,Forest area (sq. km),AG.LND.FRST.K2,1022000.096,1020155.522,1018310.948,1016466.374,1014621.8,1012330.04,1010038.28,1007746.52,1005454.76,1003163,1000715.7,998487.8,996029.7,..,..
South Asia,SAS,CO2 emissions (kt),EN.ATM.CO2E.KT,1400870,1540250,1629080,1781870,1884320,1991420,2145490,2203550,2389180,2422620,2479230,2622720,2770040,..,..
South Asia,SAS,Forest area (sq. km),AG.LND.FRST.K2,867889.745,869562.989,871236.233,872909.476,874582.72,876984.756,879386.792,881788.828,884190.864,886592.9,888601.5,891070.5,893309.3,..,..
South Asia (IDA & IBRD),TSA,CO2 emissions (kt),EN.ATM.CO2E.KT,1400870,1540250,1629080,1781870,1884320,1991420,2145490,2203550,2389180,2422620,2479230,2622720,2770040,..,..
South Asia (IDA & IBRD),TSA,Forest area (sq. km),AG.LND.FRST.K2,867889.745,869562.989,871236.233,872909.476,874582.72,876984.756,879386.792,881788.828,884190.864,886592.9,888601.5,891070.5,893309.3,..,..
Sub-Saharan Africa,SSF,CO2 emissions (kt),EN.ATM.CO2E.KT,628568.982170632,652133.504069605,689721.642471437,659705.651209378,708066.43094206,713356.837743714,739647.332613006,771046.219406582,798787.276962011,777968.88796473,785929.452973371,801739.739680406,823424.721830527,..,..
Sub-Saharan Africa,SSF,Forest area (sq. km),AG.LND.FRST.K2,6525610.852,6492791.764,6459972.676,6427153.588,6394334.5,6627570.26,6588424.32,6549278.38,6510132.44,6470986.5,6430836.879,6391509.3,6352213.38,..,..
Sub-Saharan Africa (excluding high income),SSA,CO2 emissions (kt),EN.ATM.CO2E.KT,627826.790794243,651482.364106203,689020.316122365,659195.918528029,707627.751723706,712958.585146119,739198.804965916,770638.207769925,798329.066393456,777470.231840796,785390.542931806,801150.551260482,822805.44761491,..,..
Sub-Saharan Africa (excluding high income),SSA,Forest area (sq. km),AG.LND.FRST.K2,6525273.852,6492454.764,6459635.676,6426816.588,6393997.5,6627233.26,6588087.32,6548941.38,6509795.44,6470649.5,6430499.879,6391172.3,6351876.38,..,..
Sub-Saharan Africa (IDA & IBRD countries),TSS,CO2 emissions (kt),EN.ATM.CO2E.KT,628568.982170632,652133.504069605,689721.642471437,659705.651209378,708066.43094206,713356.837743714,739647.332613006,771046.219406582,798787.276962011,777968.88796473,785929.452973371,801739.739680406,823424.721830527,..,..
Sub-Saharan Africa (IDA & IBRD countries),TSS,Forest area (sq. km),AG.LND.FRST.K2,6525610.852,6492791.764,6459972.676,6427153.588,6394334.5,6627570.26,6588424.32,6549278.38,6510132.44,6470986.5,6430836.879,6391509.3,6352213.38,..,..
Upper middle income,UMC,CO2 emissions (kt),EN.ATM.CO2E.KT,10977998.7612252,11649193.7741631,12027545.7096412,12301660.276254,13327776.5770184,14312654.1375522,14694967.8734018,15132986.9235657,15092758.6425208,14971353.4720457,14944211.1376824,15220176.5453778,15569855.4508945,..,..
Upper middle income,UMC,Forest area (sq. km),AG.LND.FRST.K2,20189629.724,20167992.778,20146355.833,20124718.886,20103081.941,20097200.375,20091318.807,20085437.24,20079555.674,20073674.107,20069009.722,20057558.873,20055410.262,..,..
World,WLD,CO2 emissions (kt),EN.ATM.CO2E.KT,28223539.0535022,29312213.4995752,29574920.7763931,29253757.5061305,31031799.0424309,32004027.8518917,32444191.5472416,33053846.5169509,33085191.9751693,32943427.7812085,32940650.0788955,33351608.0948268,34041045.9740377,..,..
World,WLD,Forest area (sq. km),AG.LND.FRST.K2,40293287.6,40259147.7,40225008.7,40190869.1,40156729.7,40123639.2,40090560.5,40057482,40024403.3,39991324.6,39958245.9,..,..,..,..
,,,,,,,,,,,,,,,,,,
,,,,,,,,,,,,,,,,,,
,,,,,,,,,,,,,,,,,,
Data from database: World Development Indicators,,,,,,,,,,,,,,,,,,
Last Updated: 07/30/2021,,,,,,,,,,,,,,,,,,
